I_MA,tr_ns,liner_r_cm,foam_r_cm,m_mg_per_cm,E_MJ_per_cm,v_cm_per_s
40,150,4,0.5,2.05,3.1024,-173980000
40,150,4,0.6,2.1,2.8203,-163890000
40,150,4,0.7,2.2,2.5826,-153220000
40,150,4,0.8,2.3,2.3773,-143780000
40,150,5,0.5,1.25,3.4494,-234930000
40,150,5,0.6,1.3,3.1656,-220680000
40,150,5,0.7,1.35,2.9267,-208230000
40,150,5,0.8,1.4,2.7203,-197130000
40,150,6,0.5,0.85,3.7339,-296410000
40,150,6,0.6,0.9,3.4486,-276830000
40,150,6,0.7,0.9,3.2096,-267060000
40,150,6,0.8,0.9,3.0019,-258280000
40,150,7,0.5,0.6,3.9744,-363980000
40,150,7,0.6,0.65,3.6886,-336890000
40,150,7,0.7,0.65,3.4493,-325780000
40,150,7,0.8,0.65,3.2414,-315810000
40,175,4,0.5,2.8,3.1026,-148870000
40,175,4,0.6,2.9,2.8204,-139470000
40,175,4,0.7,3,2.5826,-131210000
40,175,4,0.8,3.15,2.3774,-122860000
40,175,5,0.5,1.7,3.4495,-201450000
40,175,5,0.6,1.75,3.1661,-190220000
40,175,5,0.7,1.8,2.927,-180340000
40,175,5,0.8,1.85,2.7206,-171500000
40,175,6,0.5,1.15,3.7335,-254810000
40,175,6,0.6,1.2,3.4495,-239770000
40,175,6,0.7,1.25,3.2094,-226610000
40,175,6,0.8,1.25,3.0026,-219180000
40,175,7,0.5,0.85,3.975,-305830000
40,175,7,0.6,0.85,3.6897,-294650000
40,175,7,0.7,0.9,3.4488,-276840000
40,175,7,0.8,0.9,3.2418,-268400000
40,200,4,0.5,3.65,3.1029,-130390000
40,200,4,0.6,3.8,2.8206,-121840000
40,200,4,0.7,3.9,2.5827,-115080000
40,200,4,0.8,4.1,2.3776,-107690000
40,200,5,0.5,2.25,3.4495,-175110000
40,200,5,0.6,2.3,3.1662,-165930000
40,200,5,0.7,2.4,2.9269,-156180000
40,200,5,0.8,2.45,2.7207,-149030000
40,200,6,0.5,1.5,3.7339,-223130000
40,200,6,0.6,1.55,3.4495,-210970000
40,200,6,0.7,1.6,3.2098,-200300000
40,200,6,0.8,1.65,3.0025,-190770000
40,200,7,0.5,1.1,3.9749,-268830000
40,200,7,0.6,1.1,3.6898,-259010000
40,200,7,0.7,1.15,3.4496,-244940000
40,200,7,0.8,1.15,3.2416,-237440000
40,225,4,0.5,4.6,3.103,-116150000
40,225,4,0.6,4.8,2.8207,-108410000
40,225,4,0.7,4.95,2.5828,-102150000
40,225,4,0.8,5.2,2.3776,-95628000
40,225,5,0.5,2.85,3.4497,-155590000
40,225,5,0.6,2.9,3.1662,-147770000
40,225,5,0.7,3,2.9273,-139700000
40,225,5,0.8,3.1,2.7209,-132490000
40,225,6,0.5,1.9,3.7341,-198260000
40,225,6,0.6,2,3.4496,-185730000
40,225,6,0.7,2.05,3.2098,-176960000
40,225,6,0.8,2.05,3.0026,-171150000
40,225,7,0.5,1.4,3.9752,-238300000
40,225,7,0.6,1.4,3.6901,-229600000
40,225,7,0.7,1.45,3.45,-218140000
40,225,7,0.8,1.5,3.242,-207910000
40,250,4,0.5,5.7,3.1031,-104350000
40,250,4,0.6,5.85,2.8206,-98200000
40,250,4,0.7,6.15,2.5829,-91650000
40,250,4,0.8,6.35,2.3778,-86539000
40,250,5,0.5,3.55,3.4498,-139410000
40,250,5,0.6,3.6,3.1663,-132630000
40,250,5,0.7,3.7,2.9272,-125790000
40,250,5,0.8,3.8,2.7209,-119670000
40,250,6,0.5,2.4,3.734,-176400000
40,250,6,0.6,2.45,3.4495,-167810000
40,250,6,0.7,2.5,3.2099,-160250000
40,250,6,0.8,2.55,3.0027,-153460000
40,250,7,0.5,1.7,3.9756,-216270000
40,250,7,0.6,1.75,3.6907,-205380000
40,250,7,0.7,1.8,3.4501,-195790000
40,250,7,0.8,1.8,3.2422,-189800000
40,275,4,0.5,6.8,3.1031,-95534000
40,275,4,0.6,7.15,2.8208,-88827000
40,275,4,0.7,7.35,2.583,-83836000
40,275,4,0.8,7.65,2.3778,-78845000
40,275,5,0.5,4.2,3.45,-128170000
40,275,5,0.6,4.4,3.1663,-119970000
40,275,5,0.7,4.5,2.9274,-114060000
40,275,5,0.8,4.65,2.721,-108180000
40,275,6,0.5,2.85,3.7343,-161880000
40,275,6,0.6,2.95,3.4497,-152930000
40,275,6,0.7,3,3.2101,-146290000
40,275,6,0.8,3.1,3.0029,-139190000
40,275,7,0.5,2.05,3.9754,-196940000
40,275,7,0.6,2.1,3.6908,-187480000
40,275,7,0.7,2.15,3.4503,-179150000
40,275,7,0.8,2.2,3.2422,-171680000
40,300,4,0.5,8.2,3.1033,-86999000
40,300,4,0.6,8.45,2.8209,-81711000
40,300,4,0.7,8.75,2.5831,-76839000
40,300,4,0.8,9.1,2.3778,-72291000
40,300,5,0.5,5.05,3.45,-116890000
40,300,5,0.6,5.2,3.1664,-110360000
40,300,5,0.7,5.35,2.9275,-104610000
40,300,5,0.8,5.5,2.721,-99472000
40,300,6,0.5,3.4,3.7344,-148210000
40,300,6,0.6,3.5,3.4498,-140400000
40,300,6,0.7,3.55,3.21,-134480000
40,300,6,0.8,3.7,3.0029,-127400000
40,300,7,0.5,2.45,3.9759,-180160000
40,300,7,0.6,2.5,3.6907,-171830000
40,300,7,0.7,2.55,3.4504,-164500000
40,300,7,0.8,2.65,3.2424,-156430000
40,325,4,0.5,9.7,3.1033,-79991000
40,325,4,0.6,9.95,2.821,-75301000
40,325,4,0.7,10.4,2.5832,-70482000
40,325,4,0.8,10.7,2.3779,-66668000
40,325,5,0.5,5.9,3.45,-108140000
40,325,5,0.6,6.05,3.1665,-102310000
40,325,5,0.7,6.2,2.9274,-97177000
40,325,5,0.8,6.45,2.7211,-91857000
40,325,6,0.5,4.05,3.7344,-135800000
40,325,6,0.6,4.1,3.4498,-129720000
40,325,6,0.7,4.2,3.2102,-123640000
40,325,6,0.8,4.3,3.003,-118180000
40,325,7,0.5,2.85,3.976,-167040000
40,325,7,0.6,2.95,3.6906,-158180000
40,325,7,0.7,3,3.4504,-151670000
40,325,7,0.8,3.1,3.2426,-144640000
40,350,4,0.5,11.2,3.1034,-74443000
40,350,4,0.6,11.55,2.8211,-69893000
40,350,4,0.7,11.95,2.5832,-65753000
40,350,4,0.8,12.45,2.378,-61807000
40,350,5,0.5,6.85,3.4502,-100370000
40,350,5,0.6,7.1,3.1666,-94446000
40,350,5,0.7,7.25,2.9276,-89867000
40,350,5,0.8,7.5,2.7212,-85186000
40,350,6,0.5,4.65,3.7345,-126740000
40,350,6,0.6,4.75,3.4501,-120530000
40,350,6,0.7,4.9,3.2103,-114470000
40,350,6,0.8,5.05,3.003,-109060000
40,350,7,0.5,3.35,3.9757,-154060000
40,350,7,0.6,3.4,3.6909,-147350000
40,350,7,0.7,3.5,3.4503,-140410000
40,350,7,0.8,3.55,3.2427,-135160000
40,375,4,0.5,12.8,3.1035,-69637000
40,375,4,0.6,13.25,2.8211,-65255000
40,375,4,0.7,13.8,2.5834,-61188000
40,375,4,0.8,14.25,2.3781,-57773000
40,375,5,0.5,7.85,3.4503,-93759000
40,375,5,0.6,8.05,3.1666,-88698000
40,375,5,0.7,8.35,2.9276,-83739000
40,375,5,0.8,8.6,2.7213,-79552000
40,375,6,0.5,5.35,3.7346,-118160000
40,375,6,0.6,5.5,3.4502,-112010000
40,375,6,0.7,5.6,3.2102,-107070000
40,375,6,0.8,5.75,3.0031,-102200000
40,375,7,0.5,3.85,3.9763,-143720000
40,375,7,0.6,3.9,3.6911,-137580000
40,375,7,0.7,4.05,3.4505,-130540000
40,375,7,0.8,4.1,3.2428,-125770000
40,400,4,0.5,14.5,3.1036,-65428000
40,400,4,0.6,15.15,2.8212,-61028000
40,400,4,0.7,15.65,2.5834,-57459000
40,400,4,0.8,16.25,2.3782,-54102000
40,400,5,0.5,8.95,3.4503,-87807000
40,400,5,0.6,9.25,3.1667,-82747000
40,400,5,0.7,9.5,2.9277,-78509000
40,400,5,0.8,9.8,2.7214,-74524000
40,400,6,0.5,6.05,3.7347,-111110000
40,400,6,0.6,6.25,3.4502,-105070000
40,400,6,0.7,6.45,3.2103,-99771000
40,400,6,0.8,6.6,3.0031,-95396000
40,400,7,0.5,4.35,3.9762,-135210000
40,400,7,0.6,4.45,3.6912,-128800000
40,400,7,0.7,4.55,3.4506,-123160000
40,400,7,0.8,4.7,3.2428,-117470000
40,425,4,0.5,16.5,3.1036,-61335000
40,425,4,0.6,16.95,2.8213,-57697000
40,425,4,0.7,17.7,2.5835,-54030000
40,425,4,0.8,18.35,2.3782,-50912000
40,425,5,0.5,10.2,3.4504,-82252000
40,425,5,0.6,10.45,3.1668,-77852000
40,425,5,0.7,10.7,2.9278,-73977000
40,425,5,0.8,11.1,2.7214,-70024000
40,425,6,0.5,6.8,3.7347,-104810000
40,425,6,0.6,7.05,3.4502,-98933000
40,425,6,0.7,7.2,3.2104,-94435000
40,425,6,0.8,7.4,3.0032,-90094000
40,425,7,0.5,4.85,3.9762,-128050000
40,425,7,0.6,5.05,3.6913,-120910000
40,425,7,0.7,5.1,3.4507,-116330000
40,425,7,0.8,5.3,3.2429,-110620000
40,450,4,0.5,18.45,3.1037,-58004000
40,450,4,0.6,19.1,2.8213,-54353000
40,450,4,0.7,19.75,2.5835,-51149000
40,450,4,0.8,20.7,2.3783,-47936000
40,450,5,0.5,11.4,3.4505,-77804000
40,450,5,0.6,11.65,3.1668,-73734000
40,450,5,0.7,12.1,2.9278,-69566000
40,450,5,0.8,12.45,2.7215,-66120000
40,450,6,0.5,7.6,3.7347,-99138000
40,450,6,0.6,7.9,3.4502,-93459000
40,450,6,0.7,8.05,3.2105,-89311000
40,450,6,0.8,8.35,3.0032,-84813000
40,450,7,0.5,5.5,3.9764,-120250000
40,450,7,0.6,5.6,3.6913,-114820000
40,450,7,0.7,5.75,3.4509,-109560000
40,450,7,0.8,5.9,3.2431,-104850000
40,475,4,0.5,20.5,3.1038,-55028000
40,475,4,0.6,21.25,2.8214,-51531000
40,475,4,0.7,22.1,2.5836,-48354000
40,475,4,0.8,22.95,2.3784,-45527000
40,475,5,0.5,12.6,3.4506,-74007000
40,475,5,0.6,13.05,3.1669,-69667000
40,475,5,0.7,13.45,2.9279,-65983000
40,475,5,0.8,13.85,2.7215,-62689000
40,475,6,0.5,8.55,3.7349,-93470000
40,475,6,0.6,8.8,3.4503,-88553000
40,475,6,0.7,8.95,3.2104,-84700000
40,475,6,0.8,9.2,3.0033,-80801000
40,475,7,0.5,6.15,3.9766,-113720000
40,475,7,0.6,6.3,3.6914,-108250000
40,475,7,0.7,6.45,3.451,-103440000
40,475,7,0.8,6.6,3.2432,-99135000
40,500,4,0.5,22.65,3.1039,-52352000
40,500,4,0.6,23.45,2.8215,-49055000
40,500,4,0.7,24.5,2.5837,-45925000
40,500,4,0.8,25.45,2.3785,-43234000
40,500,5,0.5,14,3.4506,-70210000
40,500,5,0.6,14.4,3.167,-66322000
40,500,5,0.7,14.9,2.928,-62691000
40,500,5,0.8,15.4,2.7216,-59452000
40,500,6,0.5,9.5,3.7348,-88673000
40,500,6,0.6,9.7,3.4504,-84346000
40,500,6,0.7,10,3.2105,-80131000
40,500,6,0.8,10.2,3.0034,-76740000
40,500,7,0.5,6.85,3.9765,-107750000
40,500,7,0.6,6.95,3.6915,-103070000
40,500,7,0.7,7.1,3.4511,-98597000
40,500,7,0.8,7.25,3.2432,-94587000
40,525,4,0.5,25.1,3.1039,-49732000
40,525,4,0.6,25.9,2.8216,-46678000
40,525,4,0.7,26.9,2.5837,-43829000
40,525,4,0.8,27.85,2.3785,-41329000
40,525,5,0.5,15.4,3.4507,-66943000
40,525,5,0.6,15.9,3.1671,-63117000
40,525,5,0.7,16.4,2.928,-59756000
40,525,5,0.8,16.85,2.7216,-56837000
40,525,6,0.5,10.4,3.735,-84751000
40,525,6,0.6,10.7,3.4505,-80309000
40,525,6,0.7,11.05,3.2106,-76230000
40,525,6,0.8,11.25,3.0034,-73071000
40,525,7,0.5,7.55,3.9767,-102640000
40,525,7,0.6,7.7,3.6917,-97922000
40,525,7,0.7,7.85,3.4511,-93769000
40,525,7,0.8,8,3.2434,-90047000
40,550,4,0.5,27.45,3.104,-47556000
40,550,4,0.6,28.55,2.8216,-44459000
40,550,4,0.7,29.75,2.5838,-41678000
40,550,4,0.8,30.75,2.3786,-39332000
40,550,5,0.5,16.9,3.4507,-63903000
40,550,5,0.6,17.45,3.1671,-60249000
40,550,5,0.7,18,2.9281,-57039000
40,550,5,0.8,18.55,2.7216,-54170000
40,550,6,0.5,11.45,3.7351,-80772000
40,550,6,0.6,11.8,3.4505,-76475000
40,550,6,0.7,12.15,3.2106,-72698000
40,550,6,0.8,12.4,3.0035,-69601000
40,550,7,0.5,8.25,3.9768,-98188000
40,550,7,0.6,8.45,3.6917,-93476000
40,550,7,0.7,8.65,3.4512,-89329000
40,550,7,0.8,8.8,3.2433,-85856000
40,575,4,0.5,29.95,3.1041,-45529000
40,575,4,0.6,31,2.8217,-42667000
40,575,4,0.7,32.5,2.5839,-39876000
40,575,4,0.8,33.55,2.3787,-37656000
40,575,5,0.5,18.4,3.4508,-61244000
40,575,5,0.6,19.15,3.1672,-57513000
40,575,5,0.7,19.6,2.9281,-54662000
40,575,5,0.8,20.3,2.7217,-51783000
40,575,6,0.5,12.45,3.7351,-77461000
40,575,6,0.6,12.75,3.4506,-73571000
40,575,6,0.7,13.1,3.2107,-70013000
40,575,6,0.8,13.5,3.0035,-66705000
40,575,7,0.5,8.95,3.9769,-94270000
40,575,7,0.6,9.2,3.6918,-89586000
40,575,7,0.7,9.45,3.4513,-85465000
40,575,7,0.8,9.7,3.2434,-81777000
40,600,4,0.5,32.55,3.1042,-43673000
40,600,4,0.6,33.9,2.8218,-40802000
40,600,4,0.7,35.1,2.584,-38371000
40,600,4,0.8,36.3,2.3788,-36202000
40,600,5,0.5,20.15,3.4509,-58525000
40,600,5,0.6,20.7,3.1672,-55319000
40,600,5,0.7,21.45,2.9282,-52252000
40,600,5,0.8,22.15,2.7218,-49574000
40,600,6,0.5,13.65,3.7352,-73978000
40,600,6,0.6,13.9,3.4506,-70462000
40,600,6,0.7,14.45,3.2107,-66663000
40,600,6,0.8,14.75,3.0036,-63817000
40,600,7,0.5,9.7,3.9769,-90553000
40,600,7,0.6,10.1,3.6919,-85502000
40,600,7,0.7,10.3,3.4514,-81864000
40,600,7,0.8,10.4,3.2435,-78978000
42.5,150,4,0.5,2.3,3.5026,-174520000
42.5,150,4,0.6,2.4,3.1837,-162880000
42.5,150,4,0.7,2.45,2.9154,-154270000
42.5,150,4,0.8,2.6,2.6837,-143680000
42.5,150,5,0.5,1.4,3.8937,-235850000
42.5,150,5,0.6,1.45,3.5739,-222020000
42.5,150,5,0.7,1.5,3.3042,-209890000
42.5,150,5,0.8,1.55,3.0712,-199070000
42.5,150,6,0.5,0.95,4.215,-297890000
42.5,150,6,0.6,1,3.8938,-279060000
42.5,150,6,0.7,1,3.623,-269190000
42.5,150,6,0.8,1.05,3.3896,-254090000
42.5,150,7,0.5,0.7,4.4873,-358060000
42.5,150,7,0.6,0.7,4.1651,-344970000
42.5,150,7,0.7,0.75,3.8932,-322210000
42.5,150,7,0.8,0.75,3.6592,-312380000
42.5,175,4,0.5,3.15,3.5029,-149130000
42.5,175,4,0.6,3.25,3.1842,-139980000
42.5,175,4,0.7,3.4,2.9156,-130960000
42.5,175,4,0.8,3.55,2.684,-122970000
42.5,175,5,0.5,1.95,3.8941,-199850000
42.5,175,5,0.6,2,3.5739,-189050000
42.5,175,5,0.7,2.05,3.3042,-179550000
42.5,175,5,0.8,2.1,3.0712,-171020000
42.5,175,6,0.5,1.3,4.2148,-254640000
42.5,175,6,0.6,1.35,3.8941,-240190000
42.5,175,6,0.7,1.4,3.6232,-227510000
42.5,175,6,0.8,1.4,3.3894,-220050000
42.5,175,7,0.5,0.95,4.4876,-307370000
42.5,175,7,0.6,0.95,4.1652,-296120000
42.5,175,7,0.7,1,3.8943,-279080000
42.5,175,7,0.8,1,3.6598,-270550000
42.5,200,4,0.5,4.15,3.5028,-129930000
42.5,200,4,0.6,4.3,3.1841,-121690000
42.5,200,4,0.7,4.4,2.9158,-115120000
42.5,200,4,0.8,4.6,2.6841,-108030000
42.5,200,5,0.5,2.5,3.8939,-176500000
42.5,200,5,0.6,2.6,3.5743,-165810000
42.5,200,5,0.7,2.7,3.3045,-156450000
42.5,200,5,0.8,2.8,3.0715,-148120000
42.5,200,6,0.5,1.7,4.2149,-222680000
42.5,200,6,0.6,1.75,3.8945,-210970000
42.5,200,6,0.7,1.8,3.6236,-200660000
42.5,200,6,0.8,1.85,3.3899,-191430000
42.5,200,7,0.5,1.25,4.4873,-267950000
42.5,200,7,0.6,1.25,4.166,-258180000
42.5,200,7,0.7,1.3,3.8943,-244770000
42.5,200,7,0.8,1.3,3.6596,-237280000
42.5,225,4,0.5,5.2,3.503,-116070000
42.5,225,4,0.6,5.35,3.1843,-109110000
42.5,225,4,0.7,5.6,2.9159,-102050000
42.5,225,4,0.8,5.75,2.6841,-96623000
42.5,225,5,0.5,3.2,3.8946,-156020000
42.5,225,5,0.6,3.3,3.5741,-147180000
42.5,225,5,0.7,3.4,3.3047,-139420000
42.5,225,5,0.8,3.5,3.0716,-132480000
42.5,225,6,0.5,2.15,4.2155,-198030000
42.5,225,6,0.6,2.2,3.8942,-188150000
42.5,225,6,0.7,2.25,3.6235,-179470000
42.5,225,6,0.8,2.35,3.3898,-169850000
42.5,225,7,0.5,1.55,4.4881,-240650000
42.5,225,7,0.6,1.6,4.1659,-228200000
42.5,225,7,0.7,1.65,3.8945,-217270000
42.5,225,7,0.8,1.65,3.6598,-210620000
42.5,250,4,0.5,6.4,3.5031,-104630000
42.5,250,4,0.6,6.65,3.1844,-97862000
42.5,250,4,0.7,6.95,2.9159,-91602000
42.5,250,4,0.8,7.15,2.6843,-86652000
42.5,250,5,0.5,3.95,3.8946,-140430000
42.5,250,5,0.6,4.05,3.5744,-132860000
42.5,250,5,0.7,4.2,3.3047,-125450000
42.5,250,5,0.8,4.35,3.0716,-118840000
42.5,250,6,0.5,2.7,4.2156,-176710000
42.5,250,6,0.6,2.75,3.8947,-168300000
42.5,250,6,0.7,2.85,3.6236,-159460000
42.5,250,6,0.8,2.9,3.3899,-152900000
42.5,250,7,0.5,1.9,4.4881,-217360000
42.5,250,7,0.6,2,4.1661,-204110000
42.5,250,7,0.7,2,3.8945,-197350000
42.5,250,7,0.8,2.05,3.6601,-188970000
42.5,275,4,0.5,7.8,3.5033,-94777000
42.5,275,4,0.6,8.1,3.1845,-88673000
42.5,275,4,0.7,8.35,2.916,-83573000
42.5,275,4,0.8,8.75,2.6843,-78330000
42.5,275,5,0.5,4.75,3.8948,-128060000
42.5,275,5,0.7,5.1,3.3047,-113840000
42.5,275,5,0.8,5.25,3.0717,-108170000
42.5,275,6,0.5,3.25,4.2159,-161070000
42.5,275,6,0.6,3.35,3.8947,-152480000
42.5,275,6,0.7,3.4,3.624,-146000000
42.5,275,6,0.8,3.5,3.39,-139180000
42.5,275,7,0.5,2.35,4.488,-195440000
42.5,275,7,0.6,2.4,4.166,-186320000
42.5,275,7,0.7,2.45,3.895,-178310000
42.5,275,7,0.8,2.5,3.6603,-171120000
42.5,300,4,0.5,9.2,3.5034,-87270000
42.5,300,4,0.6,9.55,3.1846,-81666000
42.5,300,4,0.7,10,2.9161,-76369000
42.5,300,4,0.8,10.3,2.6844,-72197000
42.5,300,5,0.5,5.7,3.8948,-116900000
42.5,300,5,0.6,5.85,3.5747,-110550000
42.5,300,5,0.7,6.1,3.3048,-104090000
42.5,300,5,0.8,6.25,3.0718,-99146000
42.5,300,6,0.5,3.85,4.216,-147990000
42.5,300,6,0.6,3.95,3.8947,-140430000
42.5,300,6,0.7,4.05,3.6239,-133770000
42.5,300,6,0.8,4.2,3.3899,-127050000
42.5,300,7,0.5,2.75,4.4883,-180670000
42.5,300,7,0.6,2.8,4.1665,-172510000
42.5,300,7,0.7,2.9,3.8949,-163890000
42.5,300,7,0.8,2.95,3.6604,-157530000
42.5,325,4,0.5,10.85,3.5033,-80360000
42.5,325,4,0.6,11.3,3.1847,-75077000
42.5,325,4,0.7,11.7,2.9162,-70604000
42.5,325,4,0.8,12.1,2.6844,-66612000
42.5,325,5,0.5,6.65,3.8949,-108230000
42.5,325,5,0.6,6.85,3.5746,-102160000
42.5,325,5,0.7,7.1,3.3049,-96487000
42.5,325,5,0.8,7.3,3.0719,-91739000
42.5,325,6,0.5,4.55,4.2159,-136130000
42.5,325,6,0.6,4.6,3.8947,-130130000
42.5,325,6,0.7,4.8,3.6238,-122880000
42.5,325,6,0.8,4.9,3.3901,-117630000
42.5,325,7,0.5,3.2,4.4883,-167490000
42.5,325,7,0.6,3.35,4.1666,-157720000
42.5,325,7,0.7,3.4,3.8952,-151370000
42.5,325,7,0.8,3.5,3.6606,-144630000
42.5,350,4,0.5,12.55,3.5035,-74722000
42.5,350,4,0.6,13.05,3.1847,-69862000
42.5,350,4,0.7,13.6,2.9162,-65487000
42.5,350,4,0.8,14,2.6846,-61928000
42.5,350,5,0.5,7.7,3.895,-100580000
42.5,350,5,0.6,8,3.5748,-94536000
42.5,350,5,0.7,8.2,3.3049,-89782000
42.5,350,5,0.8,8.45,3.072,-85270000
42.5,350,6,0.5,5.2,4.216,-127340000
42.5,350,6,0.6,5.4,3.8948,-120100000
42.5,350,6,0.7,5.45,3.624,-115320000
42.5,350,6,0.8,5.7,3.3901,-109070000
42.5,350,7,0.5,3.8,4.4887,-153700000
42.5,350,7,0.6,3.85,4.1666,-147120000
42.5,350,7,0.7,3.95,3.8952,-140440000
42.5,350,7,0.8,4.05,3.6605,-134450000
42.5,375,4,0.5,14.4,3.5036,-69757000
42.5,375,4,0.6,14.95,3.1847,-65273000
42.5,375,4,0.7,15.65,2.9163,-61048000
42.5,375,4,0.8,16.05,2.6846,-57839000
42.5,375,5,0.5,8.9,3.8951,-93557000
42.5,375,5,0.6,9.15,3.5749,-88397000
42.5,375,5,0.7,9.45,3.3051,-83635000
42.5,375,5,0.8,9.7,3.0721,-79587000
42.5,375,6,0.5,6,4.2161,-118550000
42.5,375,6,0.6,6.15,3.8948,-112540000
42.5,375,6,0.7,6.3,3.624,-107260000
42.5,375,6,0.8,6.5,3.3902,-102130000
42.5,375,7,0.5,4.35,4.4888,-143660000
42.5,375,7,0.6,4.45,4.1669,-136850000
42.5,375,7,0.7,4.55,3.8953,-130850000
42.5,375,7,0.8,4.65,3.6607,-125480000
42.5,400,4,0.5,16.35,3.5037,-65466000
42.5,400,4,0.6,17,3.1849,-61212000
42.5,400,4,0.7,17.6,2.9164,-57569000
42.5,400,4,0.8,18.35,2.6847,-54094000
42.5,400,5,0.5,10.15,3.8951,-87608000
42.5,400,5,0.6,10.4,3.575,-82916000
42.5,400,5,0.7,10.75,3.305,-78415000
42.5,400,5,0.8,11.1,3.0722,-74400000
42.5,400,6,0.5,6.9,4.2161,-110550000
42.5,400,6,0.6,7,3.895,-105490000
42.5,400,6,0.7,7.2,3.6242,-100330000
42.5,400,6,0.8,7.4,3.3903,-95723000
42.5,400,7,0.5,4.9,4.4889,-135360000
42.5,400,7,0.6,5.05,4.1669,-128460000
42.5,400,7,0.7,5.1,3.8953,-123600000
42.5,400,7,0.8,5.3,3.6609,-117540000
42.5,425,4,0.5,18.55,3.5038,-61462000
42.5,425,4,0.6,19.25,3.185,-57524000
42.5,425,4,0.7,19.95,2.9165,-54072000
42.5,425,4,0.8,20.75,2.6848,-50870000
42.5,425,5,0.5,11.4,3.8951,-82666000
42.5,425,5,0.6,11.7,3.575,-78174000
42.5,425,5,0.7,12.2,3.3052,-73610000
42.5,425,5,0.8,12.4,3.0721,-70392000
42.5,425,6,0.5,7.75,4.2161,-104310000
42.5,425,6,0.6,7.9,3.895,-99301000
42.5,425,6,0.7,8.05,3.6242,-94891000
42.5,425,6,0.8,8.4,3.3903,-89846000
42.5,425,7,0.5,5.5,4.4889,-127760000
42.5,425,7,0.6,5.65,4.1671,-121450000
42.5,425,7,0.7,5.8,3.8954,-115900000
42.5,425,7,0.8,5.95,3.661,-110930000
42.5,450,4,0.5,20.75,3.5038,-58113000
42.5,450,4,0.6,21.6,3.1851,-54306000
42.5,450,4,0.7,22.45,2.9166,-50973000
42.5,450,4,0.8,23.2,2.6849,-48110000
42.5,450,5,0.5,12.8,3.8953,-78015000
42.5,450,5,0.6,13.1,3.575,-73879000
42.5,450,5,0.7,13.55,3.3052,-69847000
42.5,450,5,0.8,14.05,3.0723,-66131000
42.5,450,6,0.5,8.6,4.2163,-99022000
42.5,450,6,0.6,8.95,3.8951,-93296000
42.5,450,6,0.7,9.1,3.6243,-89249000
42.5,450,6,0.8,9.4,3.3904,-84933000
42.5,450,7,0.5,6.25,4.489,-119850000
42.5,450,7,0.6,6.35,4.1672,-114560000
42.5,450,7,0.7,6.6,3.8956,-108650000
42.5,450,7,0.8,6.65,3.6612,-104930000
42.5,475,4,0.5,23.15,3.5039,-55019000
42.5,475,4,0.6,23.85,3.1851,-51682000
42.5,475,4,0.7,24.9,2.9166,-48401000
42.5,475,4,0.8,25.75,2.685,-45667000
42.5,475,5,0.5,14.25,3.8954,-73940000
42.5,475,5,0.6,14.65,3.5751,-69862000
42.5,475,5,0.7,15.15,3.3053,-66056000
42.5,475,5,0.8,15.6,3.0724,-62761000
42.5,475,6,0.5,9.7,4.2163,-93239000
42.5,475,6,0.6,9.85,3.8951,-88932000
42.5,475,6,0.7,10.1,3.6243,-84716000
42.5,475,6,0.8,10.4,3.3905,-80748000
42.5,475,7,0.5,6.9,4.4891,-114070000
42.5,475,7,0.6,7.15,4.1673,-107970000
42.5,475,7,0.7,7.25,3.8959,-103670000
42.5,475,7,0.8,7.4,3.6612,-99474000
42.5,500,4,0.5,25.75,3.504,-52168000
42.5,500,4,0.6,26.7,3.1852,-48846000
42.5,500,4,0.7,27.55,2.9167,-46015000
42.5,500,4,0.8,28.8,2.6851,-43181000
42.5,500,5,0.5,15.8,3.8955,-70221000
42.5,500,5,0.6,16.3,3.5752,-66233000
42.5,500,5,0.7,16.9,3.3054,-62543000
42.5,500,5,0.8,17.2,3.0724,-59771000
42.5,500,6,0.5,10.7,4.2164,-88776000
42.5,500,6,0.6,11.05,3.8951,-83964000
42.5,500,6,0.7,11.25,3.6245,-80271000
42.5,500,6,0.8,11.55,3.3905,-76623000
42.5,500,7,0.5,7.7,4.4893,-107980000
42.5,500,7,0.6,7.85,4.1675,-103040000
42.5,500,7,0.7,8.05,3.896,-98384000
42.5,500,7,0.8,8.25,3.6613,-94212000
42.5,525,4,0.5,28.2,3.5041,-49851000
42.5,525,4,0.6,29.45,3.1853,-46510000
42.5,525,4,0.7,30.45,2.9168,-43770000
42.5,525,4,0.8,31.65,2.6851,-41192000
42.5,525,5,0.5,17.3,3.8954,-67107000
42.5,525,5,0.6,17.95,3.5753,-63116000
42.5,525,5,0.7,18.5,3.3055,-59779000
42.5,525,5,0.8,19.15,3.0725,-56647000
42.5,525,6,0.5,11.75,4.2165,-84717000
42.5,525,6,0.6,12.05,3.8952,-80406000
42.5,525,6,0.7,12.5,3.6245,-76152000
42.5,525,6,0.8,12.75,3.3905,-72927000
42.5,525,7,0.5,8.55,4.4893,-102480000
42.5,525,7,0.6,8.7,4.1674,-97879000
42.5,525,7,0.7,8.9,3.896,-93569000
42.5,525,7,0.8,9.1,3.6615,-89706000
42.5,550,4,0.5,30.95,3.5042,-47586000
42.5,550,4,0.6,32.15,3.1853,-44515000
42.5,550,4,0.7,33.45,2.9169,-41762000
42.5,550,4,0.8,34.75,2.6852,-39312000
42.5,550,5,0.5,19.1,3.8955,-63868000
42.5,550,5,0.6,19.7,3.5753,-60247000
42.5,550,5,0.7,20.3,3.3055,-57067000
42.5,550,5,0.8,20.9,3.0725,-54224000
42.5,550,6,0.5,12.95,4.2165,-80697000
42.5,550,6,0.6,13.25,3.8953,-76679000
42.5,550,6,0.7,13.7,3.6245,-72741000
42.5,550,6,0.8,13.95,3.3906,-69722000
42.5,550,7,0.5,9.25,4.4894,-98524000
42.5,550,7,0.6,9.55,4.1675,-93422000
42.5,550,7,0.7,9.75,3.8961,-89398000
42.5,550,7,0.8,10,3.6615,-85575000
42.5,575,4,0.5,33.9,3.5042,-45469000
42.5,575,4,0.6,35.05,3.1855,-42634000
42.5,575,4,0.7,36.55,2.917,-39952000
42.5,575,4,0.8,37.9,2.6853,-37644000
42.5,575,5,0.5,20.9,3.8956,-61056000
42.5,575,5,0.6,21.7,3.5754,-57405000
42.5,575,5,0.7,22.15,3.3056,-54633000
42.5,575,5,0.8,22.9,3.0726,-51802000
42.5,575,6,0.5,14.2,4.2165,-77063000
42.5,575,6,0.6,14.5,3.8954,-73301000
42.5,575,6,0.7,14.95,3.6246,-69634000
42.5,575,6,0.8,15.3,3.3906,-66575000
42.5,575,7,0.5,10.2,4.4896,-93825000
42.5,575,7,0.6,10.4,4.1677,-89525000
42.5,575,7,0.7,10.7,3.8962,-85338000
42.5,575,7,0.8,10.9,3.6615,-81966000
42.5,600,4,0.5,36.7,3.5043,-43700000
42.5,600,4,0.6,38.2,3.1855,-40839000
42.5,600,4,0.7,39.8,2.9171,-38287000
42.5,600,4,0.8,40.95,2.6854,-36215000
42.5,600,5,0.5,22.75,3.8957,-58522000
42.5,600,5,0.6,23.35,3.5755,-55340000
42.5,600,5,0.7,24.1,3.3056,-52376000
42.5,600,5,0.8,24.95,3.0726,-49629000
42.5,600,6,0.5,15.25,4.2166,-74363000
42.5,600,6,0.6,15.85,3.8954,-70109000
42.5,600,6,0.7,16.2,3.6247,-66895000
42.5,600,6,0.8,16.5,3.3907,-64109000
42.5,600,7,0.5,11,4.4898,-90350000
42.5,600,7,0.6,11.4,4.1678,-85510000
42.5,600,7,0.7,11.55,3.8963,-82139000
42.5,600,7,0.8,11.9,3.6617,-78448000
45,150,4,0.5,2.6,3.927,-173800000
45,150,4,0.6,2.7,3.5697,-162610000
45,150,4,0.7,2.8,3.2687,-152800000
45,150,4,0.8,2.9,3.009,-144050000
45,150,5,0.5,1.6,4.3652,-233590000
45,150,5,0.6,1.65,4.0065,-220370000
45,150,5,0.7,1.7,3.7042,-208750000
45,150,5,0.8,1.75,3.4431,-198370000
45,150,6,0.5,1.1,4.7254,-293110000
45,150,6,0.6,1.1,4.3651,-281720000
45,150,6,0.7,1.15,4.0616,-265770000
45,150,6,0.8,1.15,3.7998,-257070000
45,150,7,0.5,0.8,5.0297,-354600000
45,150,7,0.6,0.8,4.6695,-341670000
45,150,7,0.7,0.8,4.3657,-330370000
45,150,7,0.8,0.85,4.1022,-310680000
45,175,4,0.5,3.5,3.9267,-149790000
45,175,4,0.6,3.7,3.5697,-138910000
45,175,4,0.7,3.8,3.2687,-131160000
45,175,4,0.8,3.9,3.009,-124220000
45,175,5,0.5,2.2,4.3658,-199220000
45,175,5,0.6,2.25,4.007,-188730000
45,175,5,0.7,2.3,3.7044,-179480000
45,175,5,0.8,2.35,3.4434,-171190000
45,175,6,0.5,1.45,4.7253,-255300000
45,175,6,0.6,1.5,4.3657,-241270000
45,175,6,0.7,1.55,4.0625,-228950000
45,175,6,0.8,1.6,3.8002,-217950000
45,175,7,0.5,1.05,5.0303,-309540000
45,175,7,0.6,1.1,4.6703,-291400000
45,175,7,0.7,1.1,4.3656,-281730000
45,175,7,0.8,1.15,4.1027,-267120000
45,200,4,0.5,4.6,3.9271,-130670000
45,200,4,0.6,4.75,3.5697,-122600000
45,200,4,0.7,4.95,3.2689,-114920000
45,200,4,0.8,5.2,3.0091,-107580000
45,200,5,0.5,2.8,4.3658,-176590000
45,200,5,0.6,2.9,4.0069,-166230000
45,200,5,0.7,3,3.7048,-157160000
45,200,5,0.8,3.15,3.4434,-147860000
45,200,6,0.5,1.9,4.7259,-223040000
45,200,6,0.6,1.95,4.3659,-211610000
45,200,6,0.7,2,4.0624,-201550000
45,200,6,0.8,2.05,3.8,-192540000
45,200,7,0.5,1.4,5.0312,-268090000
45,200,7,0.6,1.4,4.6699,-258290000
45,200,7,0.7,1.45,4.3662,-245400000
45,200,7,0.8,1.5,4.103,-233890000
45,225,4,0.5,5.8,3.9271,-116370000
45,225,4,0.6,6.1,3.5699,-108190000
45,225,4,0.7,6.25,3.269,-102280000
45,225,4,0.8,6.55,3.0092,-95857000
45,225,5,0.5,3.6,4.3659,-155740000
45,225,5,0.6,3.7,4.0074,-147180000
45,225,5,0.7,3.85,3.7048,-138730000
45,225,5,0.8,3.95,3.4435,-132040000
45,225,6,0.5,2.4,4.7258,-198450000
45,225,6,0.6,2.5,4.3658,-186890000
45,225,6,0.7,2.55,4.0622,-178500000
45,225,6,0.8,2.65,3.8003,-169360000
45,225,7,0.5,1.75,5.0316,-239800000
45,225,7,0.6,1.8,4.6705,-227800000
45,225,7,0.7,1.85,4.3661,-217260000
45,225,7,0.8,1.85,4.1029,-210610000
45,250,4,0.5,7.2,3.9274,-104450000
45,250,4,0.6,7.45,3.5699,-97896000
45,250,4,0.7,7.75,3.2691,-91849000
45,250,4,0.8,8.05,3.0094,-86468000
45,250,5,0.5,4.4,4.3664,-140880000
45,250,5,0.6,4.55,4.0075,-132720000
45,250,5,0.7,4.7,3.7049,-125560000
45,250,5,0.8,4.9,3.4437,-118560000
45,250,6,0.5,3,4.7262,-177510000
45,250,6,0.6,3.05,4.366,-169200000
45,250,6,0.7,3.2,4.0625,-159340000
45,250,6,0.8,3.25,3.8002,-152920000
45,250,7,0.5,2.15,5.0316,-216350000
45,250,7,0.6,2.2,4.6708,-206060000
45,250,7,0.7,2.25,4.3662,-197010000
45,250,7,0.8,2.3,4.1035,-188900000
45,275,4,0.5,8.75,3.9274,-94747000
45,275,4,0.6,9,3.5701,-89071000
45,275,4,0.7,9.35,3.2692,-83623000
45,275,4,0.8,9.75,3.0095,-78570000
45,275,5,0.5,5.4,4.3664,-127170000
45,275,5,0.6,5.5,4.0074,-120720000
45,275,5,0.7,5.7,3.7051,-114020000
45,275,5,0.8,5.9,3.4437,-108040000
45,275,6,0.5,3.65,4.7264,-160930000
45,275,6,0.6,3.75,4.3663,-152600000
45,275,6,0.7,3.8,4.0627,-146230000
45,275,6,0.8,3.9,3.8006,-139610000
45,275,7,0.5,2.6,5.0316,-196740000
45,275,7,0.6,2.65,4.671,-187760000
45,275,7,0.7,2.75,4.3665,-178200000
45,275,7,0.8,2.8,4.1034,-171200000
45,300,4,0.5,10.4,3.9276,-86908000
45,300,4,0.6,10.8,3.5702,-81311000
45,300,4,0.7,11.1,3.2693,-76750000
45,300,4,0.8,11.65,3.0095,-71878000
45,300,5,0.5,6.4,4.3665,-116810000
45,300,5,0.6,6.55,4.0076,-110620000
45,300,5,0.7,6.8,3.7051,-104390000
45,300,5,0.8,6.95,3.4439,-99552000
45,300,6,0.5,4.3,4.7265,-148270000
45,300,6,0.6,4.45,4.3664,-140090000
45,300,6,0.7,4.5,4.0628,-134380000
45,300,6,0.8,4.65,3.8005,-127850000
45,300,7,0.5,3.1,5.0317,-180170000
45,300,7,0.6,3.15,4.6711,-172210000
45,300,7,0.7,3.25,4.3669,-163930000
45,300,7,0.8,3.3,4.1037,-157710000
45,325,4,0.5,12.05,3.9276,-80739000
45,325,4,0.6,12.6,3.5703,-75280000
45,325,4,0.7,13.05,3.2694,-70785000
45,325,4,0.8,13.55,3.0096,-66650000
45,325,5,0.5,7.45,4.3664,-108270000
45,325,5,0.6,7.75,4.0075,-101700000
45,325,5,0.7,8,3.7052,-96244000
45,325,5,0.8,8.2,3.444,-91651000
45,325,6,0.5,5.1,4.7264,-136140000
45,325,6,0.6,5.15,4.3664,-130220000
45,325,6,0.7,5.35,4.0627,-123240000
45,325,6,0.8,5.5,3.8007,-117560000
45,325,7,0.5,3.65,5.0322,-166050000
45,325,7,0.6,3.7,4.6709,-158900000
45,325,7,0.7,3.85,4.3669,-150620000
45,325,7,0.8,3.9,4.104,-145070000
45,350,4,0.5,14.1,3.9278,-74642000
45,350,4,0.6,14.65,3.5704,-69816000
45,350,4,0.7,15.2,3.2695,-65589000
45,350,4,0.8,15.7,3.0097,-61919000
45,350,5,0.5,8.65,4.3667,-100480000
45,350,5,0.6,8.95,4.0077,-94635000
45,350,5,0.7,9.3,3.7052,-89265000
45,350,5,0.8,9.55,3.444,-84927000
45,350,6,0.5,5.85,4.7266,-127120000
45,350,6,0.6,6.05,4.3665,-120140000
45,350,6,0.7,6.2,4.0628,-114480000
45,350,6,0.8,6.35,3.8008,-109410000
45,350,7,0.5,4.25,5.0322,-153890000
45,350,7,0.6,4.3,4.6714,-147400000
45,350,7,0.7,4.45,4.367,-140100000
45,350,7,0.8,4.55,4.1041,-134310000
45,375,4,0.5,16.2,3.9279,-69637000
45,375,4,0.6,16.8,3.5705,-65196000
45,375,4,0.7,17.45,3.2696,-61216000
45,375,4,0.8,18.05,3.0098,-57749000
45,375,5,0.5,9.95,4.3667,-93687000
45,375,5,0.6,10.3,4.0077,-88215000
45,375,5,0.7,10.55,3.7053,-83811000
45,375,5,0.8,10.9,3.4441,-79495000
45,375,6,0.5,6.75,4.7265,-118340000
45,375,6,0.6,6.9,4.3665,-112500000
45,375,6,0.7,7.1,4.063,-106980000
45,375,6,0.8,7.3,3.8007,-102040000
45,375,7,0.5,4.8,5.0323,-144800000
45,375,7,0.6,5,4.6716,-136700000
45,375,7,0.7,5.05,4.3671,-131510000
45,375,7,0.8,5.2,4.1041,-125640000
45,400,4,0.5,18.45,3.928,-65253000
45,400,4,0.6,19.1,3.5706,-61146000
45,400,4,0.7,19.85,3.2696,-57396000
45,400,4,0.8,20.55,3.0099,-54123000
45,400,5,0.5,11.3,4.3667,-87913000
45,400,5,0.6,11.7,4.008,-82772000
45,400,5,0.7,12.05,3.7054,-78423000
45,400,5,0.8,12.4,3.4442,-74533000
45,400,6,0.5,7.6,4.7267,-111530000
45,400,6,0.6,7.85,4.3666,-105480000
45,400,6,0.7,8.05,4.0631,-100470000
45,400,6,0.8,8.3,3.8008,-95700000
45,400,7,0.5,5.55,5.0325,-134670000
45,400,7,0.6,5.6,4.6717,-129170000
45,400,7,0.7,5.75,4.3672,-123250000
45,400,7,0.8,5.85,4.1042,-118450000
45,425,4,0.5,20.7,3.9281,-61605000
45,425,4,0.6,21.6,3.5707,-57500000
45,425,4,0.7,22.4,3.2697,-54031000
45,425,4,0.8,23.1,3.01,-51049000
45,425,5,0.5,12.8,4.3669,-82604000
45,425,5,0.6,13.25,4.0079,-77780000
45,425,5,0.7,13.65,3.7054,-73683000
45,425,5,0.8,14,3.4443,-70145000
45,425,6,0.5,8.6,4.7266,-104840000
45,425,6,0.6,8.85,4.3667,-99339000
45,425,6,0.7,9.15,4.0632,-94240000
45,425,6,0.8,9.35,3.801,-90169000
45,425,7,0.5,6.2,5.0326,-127410000
45,425,7,0.6,6.4,4.6717,-120830000
45,425,7,0.7,6.55,4.3674,-115480000
45,425,7,0.8,6.65,4.1043,-111100000
45,450,4,0.5,23.3,3.9282,-58067000
45,450,4,0.6,24.25,3.5708,-54268000
45,450,4,0.7,25,3.2698,-51145000
45,450,4,0.8,25.95,3.01,-48165000
45,450,5,0.5,14.35,4.367,-78016000
45,450,5,0.6,14.75,4.0081,-73720000
45,450,5,0.7,15.15,3.7055,-69941000
45,450,5,0.8,15.75,3.4444,-66135000
45,450,6,0.5,9.65,4.7267,-98976000
45,450,6,0.6,9.95,4.3668,-93689000
45,450,6,0.7,10.25,4.0632,-89041000
45,450,6,0.8,10.5,3.801,-85089000
45,450,7,0.5,7,5.0326,-119910000
45,450,7,0.6,7.15,4.6719,-114320000
45,450,7,0.7,7.25,4.3675,-109760000
45,450,7,0.8,7.45,4.1044,-104970000
45,475,4,0.5,25.95,3.9282,-55023000
45,475,4,0.6,26.8,3.5709,-51622000
45,475,4,0.7,27.8,3.2699,-48502000
45,475,4,0.8,29.2,3.0101,-45406000
45,475,5,0.5,15.95,4.3671,-74000000
45,475,5,0.6,16.5,4.0081,-69702000
45,475,5,0.7,17.05,3.7056,-65930000
45,475,5,0.8,17.55,3.4444,-62652000
45,475,6,0.5,10.85,4.7268,-93343000
45,475,6,0.6,11.1,4.3668,-88702000
45,475,6,0.8,11.7,3.8011,-80607000
45,475,7,0.5,7.8,5.0329,-113600000
45,475,7,0.6,8,4.672,-108070000
45,475,7,0.7,8.2,4.3676,-103210000
45,475,7,0.8,8.3,4.1046,-99452000
45,500,4,0.5,28.6,3.9284,-52413000
45,500,4,0.6,29.8,3.571,-48956000
45,500,4,0.7,31.05,3.27,-45894000
45,500,4,0.8,32.3,3.0103,-43173000
45,500,5,0.5,17.7,4.3671,-70247000
45,500,5,0.6,18.2,4.0082,-66367000
45,500,5,0.7,18.75,3.7057,-62871000
45,500,5,0.8,19.35,3.4445,-59667000
45,500,6,0.5,11.9,4.727,-89132000
45,500,6,0.6,12.4,4.3668,-83924000
45,500,6,0.7,12.65,4.0634,-80152000
45,500,6,0.8,12.95,3.8011,-76619000
45,500,7,0.5,8.65,5.033,-107870000
45,500,7,0.6,8.8,4.672,-103040000
45,500,7,0.7,9.05,4.3678,-98247000
45,500,7,0.8,9.3,4.1047,-93954000
45,525,4,0.5,31.7,3.9284,-49785000
45,525,4,0.6,32.95,3.5711,-46557000
45,525,4,0.7,34.25,3.2701,-43698000
45,525,4,0.8,35.55,3.0103,-41153000
45,525,5,0.5,19.55,4.3672,-66841000
45,525,5,0.6,20.1,4.0083,-63153000
45,525,5,0.7,20.8,3.7058,-59693000
45,525,5,0.8,21.3,3.4446,-56871000
45,525,6,0.5,13.25,4.7271,-84471000
45,525,6,0.6,13.6,4.367,-80138000
45,525,6,0.7,13.85,4.0635,-76602000
45,525,6,0.8,14.2,3.8012,-73170000
45,525,7,0.5,9.5,5.0331,-102940000
45,525,7,0.6,9.75,4.6722,-97898000
45,525,7,0.7,10,4.3678,-93464000
45,525,7,0.8,10.15,4.1048,-89935000
45,550,4,0.5,34.6,3.9285,-47653000
45,550,4,0.6,36,3.5711,-44542000
45,550,4,0.7,37.5,3.2702,-41763000
45,550,4,0.8,38.95,3.0104,-39316000
45,550,5,0.5,21.45,4.3673,-63813000
45,550,5,0.6,22,4.0083,-60365000
45,550,5,0.7,22.7,3.7058,-57141000
45,550,5,0.8,23.45,3.4446,-54202000
45,550,6,0.5,14.5,4.7271,-80748000
45,550,6,0.6,14.85,4.367,-76691000
45,550,6,0.7,15.25,4.0635,-73001000
45,550,6,0.8,15.6,3.8012,-69810000
45,550,7,0.5,10.4,5.0332,-98383000
45,550,7,0.6,10.75,4.6722,-93233000
45,550,7,0.7,10.95,4.368,-89320000
45,550,7,0.8,11.2,4.1049,-85617000
45,575,4,0.5,38.05,3.9286,-45442000
45,575,4,0.6,39.5,3.5713,-42523000
45,575,4,0.7,40.85,3.2702,-40014000
45,575,4,0.8,42.65,3.0105,-37573000
45,575,5,0.5,23.3,4.3673,-61227000
45,575,5,0.6,24.25,4.0084,-57497000
45,575,5,0.7,24.9,3.706,-54559000
45,575,5,0.8,25.65,3.4447,-51826000
45,575,6,0.5,15.8,4.7272,-77355000
45,575,6,0.6,16.25,4.3671,-73314000
45,575,6,0.7,16.65,4.0636,-69865000
45,575,6,0.8,17.05,3.8013,-66776000
45,575,7,0.5,11.4,5.0333,-93970000
45,575,7,0.6,11.65,4.6725,-89562000
45,575,7,0.7,12,4.368,-85323000
45,575,7,0.8,12.25,4.105,-81866000
45,600,4,0.5,41.3,3.9287,-43618000
45,600,4,0.6,43.05,3.5713,-40733000
45,600,4,0.7,44.4,3.2703,-38381000
45,600,4,0.8,46.05,3.0106,-36160000
45,600,5,0.5,25.45,4.3675,-58585000
45,600,5,0.6,26.2,4.0086,-55317000
45,600,5,0.7,27,3.706,-52394000
45,600,5,0.8,27.9,3.4448,-49693000
45,600,6,0.5,17.25,4.7273,-74033000
45,600,6,0.6,17.75,4.3672,-70148000
45,600,6,0.7,18.1,4.0636,-67009000
45,600,6,0.8,18.65,3.8014,-63848000
45,600,7,0.5,12.35,5.0335,-90285000
45,600,7,0.6,12.65,4.6726,-85950000
45,600,7,0.7,13,4.3682,-81977000
45,600,7,0.8,13.35,4.1051,-78422000
47.5,150,4,0.5,2.9,4.375,-173700000
47.5,150,4,0.6,3,3.9771,-162830000
47.5,150,4,0.7,3.15,3.6418,-152060000
47.5,150,4,0.8,3.25,3.3524,-143630000
47.5,150,5,0.5,1.8,4.8638,-232470000
47.5,150,5,0.6,1.85,4.4642,-219690000
47.5,150,5,0.7,1.9,4.1272,-208430000
47.5,150,5,0.8,1.95,3.8367,-198370000
47.5,150,6,0.5,1.2,5.2652,-296230000
47.5,150,6,0.6,1.25,4.8634,-278950000
47.5,150,6,0.7,1.25,4.5254,-269090000
47.5,150,6,0.8,1.3,4.2338,-255220000
47.5,150,7,0.5,0.85,5.6043,-363130000
47.5,150,7,0.6,0.9,5.2029,-340030000
47.5,150,7,0.7,0.9,4.8644,-328780000
47.5,150,7,0.8,0.95,4.5705,-310190000
47.5,175,4,0.5,3.9,4.3753,-149790000
47.5,175,4,0.6,4.1,3.9774,-139290000
47.5,175,4,0.7,4.2,3.6419,-131690000
47.5,175,4,0.8,4.4,3.3526,-123450000
47.5,175,5,0.5,2.4,4.8645,-201340000
47.5,175,5,0.6,2.5,4.4644,-188980000
47.5,175,5,0.7,2.6,4.1274,-178180000
47.5,175,5,0.8,2.65,3.8368,-170170000
47.5,175,6,0.5,1.65,5.2655,-252630000
47.5,175,6,0.6,1.7,4.8641,-239220000
47.5,175,6,0.7,1.75,4.5258,-227430000
47.5,175,6,0.8,1.75,4.234,-219970000
47.5,175,7,0.5,1.15,5.6043,-312200000
47.5,175,7,0.6,1.2,5.2034,-294490000
47.5,175,7,0.7,1.25,4.8646,-278990000
47.5,175,7,0.8,1.25,4.5718,-270460000
47.5,200,4,0.5,5.1,4.3754,-130990000
47.5,200,4,0.6,5.35,3.9774,-121940000
47.5,200,4,0.7,5.5,3.642,-115080000
47.5,200,4,0.8,5.75,3.3528,-107990000
47.5,200,5,0.5,3.15,4.8648,-175750000
47.5,200,5,0.6,3.25,4.4646,-165750000
47.5,200,5,0.7,3.4,4.1277,-155820000
47.5,200,5,0.8,3.45,3.8367,-149140000
47.5,200,6,0.5,2.15,5.2659,-221330000
47.5,200,6,0.6,2.2,4.8643,-210290000
47.5,200,6,0.7,2.25,4.5263,-200580000
47.5,200,6,0.8,2.3,4.2342,-191880000
47.5,200,7,0.5,1.55,5.6056,-268940000
47.5,200,7,0.6,1.55,5.2034,-259110000
47.5,200,7,0.7,1.6,4.8644,-246590000
47.5,200,7,0.8,1.65,4.572,-235410000
47.5,225,4,0.5,6.45,4.3757,-116480000
47.5,225,4,0.6,6.75,3.9776,-108560000
47.5,225,4,0.7,7,3.6423,-102010000
47.5,225,4,0.8,7.3,3.3528,-95842000
47.5,225,5,0.5,3.95,4.8647,-156940000
47.5,225,5,0.6,4.15,4.4649,-146690000
47.5,225,5,0.7,4.25,4.1276,-139370000
47.5,225,5,0.8,4.35,3.8368,-132820000
47.5,225,6,0.5,2.75,5.2654,-195690000
47.5,225,6,0.6,2.8,4.8644,-186400000
47.5,225,6,0.7,2.85,4.5264,-178220000
47.5,225,6,0.8,2.95,4.2342,-169430000
47.5,225,7,0.5,1.95,5.6057,-239780000
47.5,225,7,0.6,2,5.2035,-228110000
47.5,225,7,0.7,2,4.8647,-220560000
47.5,225,7,0.8,2.1,4.5719,-208670000
47.5,250,4,0.5,7.95,4.3758,-104920000
47.5,250,4,0.6,8.3,3.9778,-97903000
47.5,250,4,0.7,8.7,3.6424,-91505000
47.5,250,4,0.8,8.9,3.353,-86803000
47.5,250,5,0.5,4.9,4.8647,-140910000
47.5,250,5,0.6,5.05,4.4651,-132980000
47.5,250,5,0.7,5.2,4.128,-126000000
47.5,250,5,0.8,5.4,3.8369,-119210000
47.5,250,6,0.5,3.3,5.2658,-178650000
47.5,250,6,0.6,3.45,4.8645,-167930000
47.5,250,6,0.7,3.55,4.5266,-159690000
47.5,250,6,0.8,3.65,4.2344,-152320000
47.5,250,7,0.5,2.4,5.6062,-216140000
47.5,250,7,0.6,2.45,5.2045,-206120000
47.5,250,7,0.7,2.55,4.8651,-195340000
47.5,250,7,0.8,2.55,4.5722,-189370000
47.5,275,4,0.5,9.7,4.3761,-94989000
47.5,275,4,0.6,10,3.9778,-89194000
47.5,275,4,0.7,10.5,3.6425,-83295000
47.5,275,4,0.8,10.8,3.3531,-78800000
47.5,275,5,0.5,5.95,4.8652,-127880000
47.5,275,5,0.6,6.2,4.465,-120010000
47.5,275,5,0.7,6.35,4.1282,-114030000
47.5,275,5,0.8,6.55,3.8371,-108240000
47.5,275,6,0.5,4.05,5.266,-161260000
47.5,275,6,0.6,4.1,4.8647,-154050000
47.5,275,6,0.7,4.25,4.5267,-145950000
47.5,275,6,0.8,4.35,4.2344,-139530000
47.5,275,7,0.5,2.9,5.6067,-196640000
47.5,275,7,0.6,2.95,5.204,-187830000
47.5,275,7,0.7,3.05,4.8652,-178610000
47.5,275,7,0.8,3.1,4.5723,-171750000
47.5,300,4,0.5,11.55,4.3761,-87050000
47.5,300,4,0.6,11.95,3.9779,-81594000
47.5,300,4,0.7,12.35,3.6426,-76805000
47.5,300,4,0.8,12.9,3.3532,-72103000
47.5,300,5,0.5,7.2,4.865,-116250000
47.5,300,5,0.6,7.3,4.4652,-110600000
47.5,300,5,0.7,7.55,4.128,-104570000
47.5,300,5,0.8,7.8,3.8372,-99192000
47.5,300,6,0.5,4.85,5.2659,-147360000
47.5,300,6,0.6,4.95,4.865,-140200000
47.5,300,6,0.7,5.05,4.5266,-133890000
47.5,300,6,0.8,5.2,4.2346,-127620000
47.5,300,7,0.5,3.45,5.6066,-180280000
47.5,300,7,0.6,3.55,5.2048,-171240000
47.5,300,7,0.7,3.6,4.8653,-164410000
47.5,300,7,0.8,3.7,4.5726,-157210000
47.5,325,4,0.5,13.5,4.3762,-80519000
47.5,325,4,0.6,14.05,3.978,-75251000
47.5,325,4,0.7,14.6,3.6427,-70640000
47.5,325,4,0.8,15.25,3.3533,-66315000
47.5,325,5,0.5,8.4,4.8651,-107630000
47.5,325,5,0.6,8.6,4.4652,-101900000
47.5,325,5,0.7,8.85,4.1283,-96589000
47.5,325,5,0.8,9.1,3.8373,-91834000
47.5,325,6,0.5,5.6,5.2661,-137140000
47.5,325,6,0.6,5.8,4.8652,-129520000
47.5,325,6,0.7,5.95,4.5269,-123350000
47.5,325,6,0.8,6.05,4.2345,-118320000
47.5,325,7,0.5,4,5.6064,-167430000
47.5,325,7,0.6,4.15,5.2046,-158370000
47.5,325,7,0.7,4.25,4.8656,-151320000
47.5,325,7,0.8,4.35,4.5726,-145000000
47.5,350,4,0.5,15.7,4.3762,-74665000
47.5,350,4,0.6,16.3,3.9782,-69865000
47.5,350,4,0.7,16.9,3.6428,-65658000
47.5,350,4,0.8,17.55,3.3534,-61818000
47.5,350,5,0.5,9.6,4.8654,-100680000
47.5,350,5,0.6,9.85,4.4653,-95218000
47.5,350,5,0.7,10.35,4.1284,-89317000
47.5,350,5,0.8,10.6,3.8372,-85089000
47.5,350,6,0.5,6.55,5.2663,-126810000
47.5,350,6,0.6,6.7,4.8652,-120510000
47.5,350,6,0.7,6.85,4.5269,-114970000
47.5,350,6,0.8,7.05,4.2348,-109610000
47.5,350,7,0.5,4.75,5.6069,-153650000
47.5,350,7,0.6,4.8,5.2045,-147260000
47.5,350,7,0.7,4.95,4.8658,-140210000
47.5,350,7,0.8,5.05,4.5727,-134570000
47.5,375,4,0.5,18.05,4.3764,-69637000
47.5,375,4,0.6,18.85,3.9782,-64969000
47.5,375,4,0.7,19.55,3.6428,-61047000
47.5,375,4,0.8,20.05,3.3535,-57837000
47.5,375,5,0.5,11.1,4.8655,-93631000
47.5,375,5,0.6,11.4,4.4655,-88511000
47.5,375,5,0.7,11.8,4.1285,-83651000
47.5,375,5,0.8,12.2,3.8375,-79315000
47.5,375,6,0.5,7.5,5.2663,-118500000
47.5,375,6,0.6,7.75,4.8651,-112050000
47.5,375,6,0.7,8,4.5269,-106380000
47.5,375,6,0.8,8.1,4.2348,-102260000
47.5,375,7,0.5,5.4,5.6071,-144110000
47.5,375,7,0.6,5.5,5.205,-137580000
47.5,375,7,0.7,5.6,4.8658,-131830000
47.5,375,7,0.8,5.85,4.5726,-125030000
47.5,400,4,0.5,20.4,4.3766,-65504000
47.5,400,4,0.6,21.3,3.9783,-61119000
47.5,400,4,0.7,22.15,3.643,-57353000
47.5,400,4,0.8,22.8,3.3536,-54238000
47.5,400,5,0.5,12.7,4.8654,-87533000
47.5,400,5,0.6,13.1,4.4656,-82569000
47.5,400,5,0.7,13.4,4.1286,-78499000
47.5,400,5,0.8,13.85,3.8375,-74441000
47.5,400,6,0.5,8.5,5.2666,-111320000
47.5,400,6,0.6,8.75,4.8653,-105460000
47.5,400,6,0.7,9.05,4.527,-100020000
47.5,400,6,0.8,9.2,4.235,-95950000
47.5,400,7,0.5,6.2,5.6072,-134490000
47.5,400,7,0.6,6.25,5.2052,-129060000
47.5,400,7,0.7,6.45,4.8659,-122830000
47.5,400,7,0.8,6.55,4.5729,-118170000
47.5,425,4,0.5,23.25,4.3767,-61359000
47.5,425,4,0.6,24,3.9784,-57579000
47.5,425,4,0.7,25,3.6431,-53986000
47.5,425,4,0.8,25.8,3.3537,-50988000
47.5,425,5,0.5,14.2,4.8656,-82783000
47.5,425,5,0.6,14.65,4.4657,-78080000
47.5,425,5,0.7,15.1,4.1287,-73949000
47.5,425,5,0.8,15.55,3.8376,-70255000
47.5,425,6,0.5,9.65,5.2666,-104480000
47.5,425,6,0.6,9.9,4.8655,-99143000
47.5,425,6,0.7,10.15,4.5271,-94448000
47.5,425,6,0.8,10.4,4.235,-90245000
47.5,425,7,0.5,6.95,5.6072,-127030000
47.5,425,7,0.6,7.1,5.2051,-121090000
47.5,425,7,0.7,7.3,4.8662,-115460000
47.5,425,7,0.8,7.45,4.573,-110800000
47.5,450,4,0.5,25.95,4.3767,-58079000
47.5,450,4,0.6,27,3.9786,-54287000
47.5,450,4,0.7,27.85,3.6432,-51150000
47.5,450,4,0.8,29.05,3.3538,-48052000
47.5,450,5,0.5,15.95,4.8657,-78110000
47.5,450,5,0.6,16.5,4.4658,-73573000
47.5,450,5,0.7,16.95,4.1287,-69797000
47.5,450,5,0.8,17.5,3.8377,-66226000
47.5,450,6,0.5,10.8,5.2666,-98757000
47.5,450,6,0.6,11,4.8655,-94055000
47.5,450,6,0.7,11.35,4.5272,-89316000
47.5,450,6,0.8,11.7,4.2351,-85085000
47.5,450,7,0.5,7.8,5.6074,-119910000
47.5,450,7,0.6,8.05,5.2052,-113720000
47.5,450,7,0.7,8.1,4.8663,-109620000
47.5,450,7,0.8,8.35,4.5733,-104660000
47.5,475,4,0.5,29,4.3768,-54941000
47.5,475,4,0.6,30.15,3.9787,-51374000
47.5,475,4,0.7,31.15,3.6433,-48365000
47.5,475,4,0.8,32.25,3.3539,-45606000
47.5,475,5,0.5,17.8,4.8658,-73941000
47.5,475,5,0.6,18.4,4.4658,-69672000
47.5,475,5,0.7,18.85,4.1287,-66186000
47.5,475,5,0.8,19.5,3.8377,-62739000
47.5,475,6,0.5,12,5.2667,-93690000
47.5,475,6,0.6,12.3,4.8655,-88946000
47.5,475,6,0.7,12.65,4.5273,-84604000
47.5,475,6,0.8,13.05,4.2351,-80564000
47.5,475,7,0.5,8.65,5.6074,-113860000
47.5,475,7,0.6,8.85,5.2056,-108460000
47.5,475,7,0.7,9.1,4.8665,-103420000
47.5,475,7,0.8,9.2,4.5733,-99709000
47.5,500,4,0.5,32.05,4.3769,-52262000
47.5,500,4,0.6,33.25,3.9788,-48921000
47.5,500,4,0.7,34.45,3.6434,-45991000
47.5,500,4,0.8,35.85,3.354,-43257000
47.5,500,5,0.5,19.9,4.8658,-69930000
47.5,500,5,0.6,20.5,4.4659,-66007000
47.5,500,5,0.7,20.95,4.1289,-62783000
47.5,500,5,0.8,21.65,3.8378,-59543000
47.5,500,6,0.5,13.35,5.2667,-88827000
47.5,500,6,0.6,13.6,4.8656,-84589000
47.5,500,6,0.7,14,4.5273,-80421000
47.5,500,6,0.8,14.35,4.2351,-76829000
47.5,500,7,0.5,9.6,5.6077,-108090000
47.5,500,7,0.6,9.85,5.2056,-102810000
47.5,500,7,0.7,10.05,4.8666,-98411000
47.5,500,7,0.8,10.3,4.5734,-94236000
47.5,525,4,0.5,35.15,4.377,-49905000
47.5,525,4,0.6,36.85,3.9789,-46470000
47.5,525,4,0.7,38.1,3.6435,-43733000
47.5,525,4,0.8,39.6,3.3541,-41158000
47.5,525,5,0.5,21.65,4.8659,-67045000
47.5,525,5,0.6,22.6,4.466,-62866000
47.5,525,5,0.7,22.95,4.1289,-59985000
47.5,525,5,0.8,23.8,3.8379,-56790000
47.5,525,6,0.5,14.7,5.267,-84652000
47.5,525,6,0.6,15.1,4.8657,-80279000
47.5,525,6,0.7,15.55,4.5275,-76309000
47.5,525,6,0.8,15.9,4.2353,-72989000
47.5,525,7,0.5,10.65,5.6078,-102620000
47.5,525,7,0.6,10.9,5.2057,-97733000
47.5,525,7,0.7,11.1,4.8667,-93642000
47.5,525,7,0.8,11.3,4.5737,-89973000
47.5,550,4,0.5,38.8,4.3772,-47500000
47.5,550,4,0.6,40.05,3.979,-44576000
47.5,550,4,0.7,41.85,3.6436,-41729000
47.5,550,4,0.8,43.4,3.3542,-39315000
47.5,550,5,0.5,23.85,4.8661,-63879000
47.5,550,5,0.6,24.65,4.4661,-60197000
47.5,550,5,0.7,25.2,4.129,-57245000
47.5,550,5,0.8,26.25,3.838,-54076000
47.5,550,6,0.5,16.05,5.2669,-81013000
47.5,550,6,0.6,16.6,4.8657,-76566000
47.5,550,6,0.7,16.95,4.5275,-73091000
47.5,550,6,0.8,17.5,4.2353,-69573000
47.5,550,7,0.5,11.65,5.608,-98120000
47.5,550,7,0.6,11.9,5.2059,-93538000
47.5,550,7,0.7,12.2,4.8668,-89322000
47.5,550,7,0.8,12.45,4.5738,-85717000
47.5,575,4,0.5,42.4,4.3773,-45440000
47.5,575,4,0.6,43.85,3.9791,-42601000
47.5,575,4,0.7,45.75,3.6437,-39911000
47.5,575,4,0.8,47.5,3.3543,-37581000
47.5,575,5,0.5,26.05,4.8662,-61123000
47.5,575,5,0.6,26.8,4.4662,-57732000
47.5,575,5,0.7,27.65,4.1291,-54651000
47.5,575,5,0.8,28.4,3.8381,-51989000
47.5,575,6,0.5,17.7,5.2671,-77146000
47.5,575,6,0.6,18.2,4.8659,-73124000
47.5,575,6,0.7,18.6,4.5276,-69773000
47.5,575,6,0.8,19.1,4.2353,-66595000
47.5,575,7,0.5,12.7,5.6082,-93978000
47.5,575,7,0.6,13,5.206,-89494000
47.5,575,7,0.7,13.35,4.8669,-85389000
47.5,575,7,0.8,13.6,4.5738,-82014000
47.5,600,4,0.5,46,4.3774,-43626000
47.5,600,4,0.6,48.05,3.9791,-40697000
47.5,600,4,0.7,49.75,3.6438,-38273000
47.5,600,4,0.8,51.05,3.3544,-36251000
47.5,600,5,0.5,28.45,4.8662,-58488000
47.5,600,5,0.6,29.15,4.4663,-55357000
47.5,600,5,0.7,30.2,4.1292,-52293000
47.5,600,5,0.8,31.1,3.8381,-49682000
47.5,600,6,0.5,19.1,5.2671,-74265000
47.5,600,6,0.6,19.6,4.8659,-70464000
47.5,600,6,0.7,20.15,4.5277,-67037000
47.5,600,6,0.8,20.7,4.2355,-63971000
47.5,600,7,0.5,13.8,5.6084,-90156000
47.5,600,7,0.6,14.15,5.2062,-85782000
47.5,600,7,0.7,14.4,4.867,-82217000
47.5,600,7,0.8,14.75,4.5739,-78752000
50,150,4,0.5,3.15,4.8477,-175440000
50,150,4,0.6,3.3,4.4069,-163430000
50,150,4,0.7,3.45,4.0354,-152950000
50,150,4,0.8,3.6,3.7147,-143660000
50,150,5,0.5,1.95,5.3894,-235110000
50,150,5,0.6,2,4.9466,-222410000
50,150,5,0.7,2.1,4.5734,-208700000
50,150,5,0.8,2.15,4.2509,-198850000
50,150,6,0.5,1.35,5.834,-293990000
50,150,6,0.6,1.35,5.3898,-282580000
50,150,6,0.7,1.4,5.0151,-267670000
50,150,6,0.8,1.45,4.691,-254370000
50,150,7,0.5,0.95,6.2102,-361580000
50,150,7,0.6,1,5.7642,-339530000
50,150,7,0.7,1,5.3899,-328330000
50,150,7,0.8,1.05,5.0649,-310600000
50,175,4,0.5,4.3,4.8478,-150160000
50,175,4,0.6,4.55,4.407,-139180000
50,175,4,0.7,4.65,4.0353,-131740000
50,175,5,0.5,2.65,5.39,-201690000
50,175,5,0.6,2.75,4.9468,-189680000
50,175,5,0.7,2.85,4.5736,-179150000
50,175,5,0.8,2.95,4.2511,-169770000
50,175,6,0.5,1.8,5.8336,-254590000
50,175,6,0.6,1.85,5.3899,-241390000
50,175,6,0.7,1.9,5.0151,-229760000
50,175,6,0.8,1.95,4.6917,-219360000
50,175,7,0.5,1.3,6.2114,-309130000
50,175,7,0.6,1.35,5.7659,-292270000
50,175,7,0.7,1.35,5.3902,-282590000
50,175,7,0.8,1.4,5.0656,-269010000
50,200,4,0.5,5.7,4.8481,-130430000
50,200,4,0.6,5.9,4.4071,-122230000
50,200,4,0.7,6.05,4.0355,-115500000
50,200,4,0.8,6.35,3.715,-108170000
50,200,5,0.5,3.5,5.3901,-175500000
50,200,5,0.6,3.6,4.947,-165780000
50,200,5,0.7,3.7,4.5735,-157230000
50,200,5,0.8,3.85,4.2512,-148610000
50,200,6,0.5,2.4,5.8342,-220500000
50,200,6,0.6,2.45,5.3901,-209760000
50,200,6,0.7,2.5,5.0153,-200300000
50,200,6,0.8,2.55,4.6919,-191830000
50,200,7,0.5,1.7,6.2115,-270330000
50,200,7,0.6,1.75,5.7664,-256710000
50,200,7,0.7,1.8,5.3899,-244720000
50,200,7,0.8,1.8,5.0652,-237230000
50,225,4,0.5,7.2,4.8484,-116050000
50,225,4,0.6,7.5,4.4073,-108410000
50,225,4,0.7,7.7,4.0358,-102380000
50,225,4,0.8,8.05,3.7152,-96074000
50,225,5,0.5,4.4,5.3903,-156530000
50,225,5,0.6,4.6,4.9472,-146660000
50,225,5,0.7,4.75,4.5738,-138770000
50,225,5,0.8,4.85,4.2515,-132410000
50,225,6,0.5,2.95,5.8345,-198890000
50,225,6,0.6,3.1,5.3903,-186480000
50,225,6,0.7,3.15,5.0152,-178440000
50,225,6,0.8,3.2,4.6916,-171240000
50,225,7,0.5,2.15,6.2114,-240380000
50,225,7,0.6,2.2,5.7666,-228960000
50,225,7,0.7,2.25,5.3906,-218900000
50,225,7,0.8,2.3,5.0661,-209890000
50,250,4,0.5,8.85,4.8487,-104680000
50,250,4,0.6,9.25,4.4075,-97620000
50,250,4,0.7,9.5,4.0358,-92176000
50,250,4,0.8,9.9,3.7152,-86634000
50,250,5,0.5,5.45,5.3904,-140650000
50,250,5,0.6,5.65,4.9474,-132340000
50,250,5,0.7,5.8,4.5739,-125590000
50,250,5,0.8,6,4.2515,-119040000
50,250,6,0.5,3.65,5.8348,-178810000
50,250,6,0.6,3.85,5.39,-167330000
50,250,6,0.7,3.9,5.0153,-160370000
50,250,6,0.8,4,4.6918,-153160000
50,250,7,0.5,2.65,6.2113,-216510000
50,250,7,0.6,2.7,5.7663,-206670000
50,250,7,0.7,2.8,5.3903,-196220000
50,250,7,0.8,2.85,5.0661,-188550000
50,275,4,0.5,10.7,4.8488,-95201000
50,275,4,0.6,11.2,4.4076,-88717000
50,275,4,0.7,11.65,4.036,-83239000
50,275,4,0.8,11.9,3.7153,-79020000
50,275,5,0.5,6.65,5.3906,-127330000
50,275,5,0.6,6.75,4.9474,-121070000
50,275,5,0.7,7,4.5741,-114320000
50,275,5,0.8,7.3,4.2515,-107930000
50,275,6,0.5,4.5,5.8346,-161030000
50,275,6,0.6,4.6,5.3904,-153090000
50,275,6,0.7,4.7,5.0156,-146090000
50,275,6,0.8,4.85,4.692,-139100000
50,275,7,0.5,3.2,6.2122,-197040000
50,275,7,0.6,3.3,5.7666,-186950000
50,275,7,0.7,3.35,5.3908,-179400000
50,275,7,0.8,3.5,5.0661,-170140000
50,300,4,0.5,12.75,4.8489,-87213000
50,300,4,0.6,13.2,4.4077,-81721000
50,300,4,0.7,13.75,4.036,-76620000
50,300,4,0.8,14.2,3.7154,-72339000
50,300,5,0.5,7.8,5.3905,-117570000
50,300,5,0.6,8.15,4.9476,-110190000
50,300,5,0.7,8.4,4.5742,-104360000
50,300,5,0.8,8.6,4.2515,-99435000
50,300,6,0.5,5.3,5.8349,-148390000
50,300,6,0.6,5.5,5.3906,-140010000
50,300,6,0.7,5.6,5.0158,-133840000
50,300,6,0.8,5.75,4.6922,-127750000
50,300,7,0.5,3.9,6.2119,-178480000
50,300,7,0.6,3.9,5.7669,-171970000
50,300,7,0.7,4.05,5.3911,-163160000
50,300,7,0.8,4.15,5.0662,-156250000
50,325,4,0.5,15,4.8488,-80406000
50,325,4,0.6,15.55,4.4078,-75294000
50,325,4,0.7,16.2,4.0363,-70591000
50,325,4,0.8,16.8,3.7156,-66508000
50,325,5,0.5,9.3,5.3908,-107670000
50,325,5,0.6,9.6,4.9477,-101530000
50,325,5,0.7,9.9,4.5742,-96129000
50,325,5,0.8,10.1,4.2518,-91757000
50,325,6,0.5,6.25,5.8349,-136640000
50,325,6,0.6,6.45,5.3907,-129290000
50,325,6,0.7,6.65,5.0158,-122820000
50,325,6,0.8,6.7,4.6922,-118350000
50,325,7,0.5,4.45,6.2123,-167090000
50,325,7,0.6,4.6,5.767,-158350000
50,325,7,0.7,4.75,5.391,-150660000
50,325,7,0.8,4.85,5.0664,-144540000
50,350,4,0.5,17.3,4.8491,-74873000
50,350,4,0.6,18.05,4.4079,-69887000
50,350,4,0.7,18.7,4.0363,-65703000
50,350,4,0.8,19.55,3.7156,-61654000
50,350,5,0.5,10.75,5.391,-100150000
50,350,5,0.6,11.05,4.9479,-94633000
50,350,5,0.7,11.45,4.5744,-89388000
50,350,5,0.8,11.75,4.2519,-85072000
50,350,6,0.5,7.2,5.8353,-127320000
50,350,6,0.6,7.35,5.3906,-121110000
50,350,6,0.7,7.7,5.016,-114140000
50,350,6,0.8,7.8,4.6922,-109690000
50,350,7,0.5,5.25,6.2127,-153840000
50,350,7,0.6,5.4,5.7671,-146150000
50,350,7,0.7,5.45,5.3915,-140660000
50,350,7,0.8,5.65,5.0667,-133920000
50,375,4,0.5,20,4.8492,-69637000
50,375,4,0.6,20.7,4.408,-65261000
50,375,4,0.7,21.45,4.0365,-61348000
50,375,4,0.8,22.3,3.7158,-57728000
50,375,5,0.5,12.35,5.391,-93436000
50,375,5,0.6,12.6,4.948,-88622000
50,375,5,0.7,13.05,4.5745,-83730000
50,375,5,0.8,13.5,4.2519,-79367000
50,375,6,0.5,8.25,5.8354,-118940000
50,375,6,0.6,8.5,5.3908,-112620000
50,375,6,0.7,8.7,5.0161,-107380000
50,375,6,0.8,9,4.6924,-102120000
50,375,7,0.5,6,6.2128,-143910000
50,375,7,0.6,6.15,5.7673,-136950000
50,375,7,0.7,6.35,5.3913,-130310000
50,375,7,0.8,6.4,5.0668,-125830000
50,400,4,0.5,22.7,4.8493,-65365000
50,400,4,0.6,23.45,4.4081,-61316000
50,400,4,0.7,24.45,4.0366,-57463000
50,400,4,0.8,25.55,3.7159,-53932000
50,400,5,0.5,13.95,5.3913,-87917000
50,400,5,0.6,14.35,4.948,-83044000
50,400,5,0.7,14.9,4.5746,-78361000
50,400,5,0.8,15.3,4.2521,-74554000
50,400,6,0.5,9.35,5.8353,-111720000
50,400,6,0.6,9.7,5.391,-105430000
50,400,6,0.7,9.9,5.0162,-100670000
50,400,6,0.8,10.2,4.6925,-95921000
50,400,7,0.5,6.85,6.213,-134690000
50,400,7,0.6,6.95,5.7675,-128830000
50,400,7,0.7,7.15,5.3917,-122810000
50,400,7,0.8,7.25,5.067,-118230000
50,425,4,0.5,25.65,4.8494,-61492000
50,425,4,0.6,26.6,4.4083,-57572000
50,425,4,0.7,27.5,4.0367,-54183000
50,425,4,0.8,28.55,3.716,-51021000
50,425,5,0.5,15.75,5.3913,-82741000
50,425,5,0.6,16.25,4.9481,-78038000
50,425,5,0.7,16.85,4.5747,-73688000
50,425,5,0.8,17.25,4.2522,-70214000
50,425,6,0.5,10.65,5.8356,-104680000
50,425,6,0.6,11,5.3911,-99005000
50,425,6,0.7,11.25,5.0163,-94435000
50,425,6,0.8,11.6,4.6925,-89947000
50,425,7,0.5,7.75,6.2131,-126620000
50,425,7,0.6,7.9,5.7675,-120840000
50,425,7,0.7,8.05,5.3919,-115740000
50,425,7,0.8,8.2,5.0671,-111170000
50,450,4,0.5,28.65,4.8496,-58184000
50,450,4,0.6,29.85,4.4084,-54348000
50,450,4,0.7,30.9,4.0368,-51116000
50,450,4,0.8,32.3,3.7161,-47969000
50,450,5,0.5,17.75,5.3913,-77941000
50,450,5,0.6,18.2,4.9482,-73740000
50,450,5,0.7,18.8,4.5747,-69762000
50,450,5,0.8,19.3,4.2522,-66381000
50,450,6,0.5,11.9,5.8356,-99034000
50,450,6,0.6,12.25,5.3911,-93818000
50,450,6,0.7,12.65,5.0164,-89057000
50,450,6,0.8,12.95,4.6926,-85131000
50,450,7,0.5,8.65,6.2133,-119860000
50,450,7,0.6,8.75,5.7677,-114820000
50,450,7,0.7,8.95,5.3919,-109770000
50,450,7,0.8,9.2,5.0673,-104960000
50,475,4,0.5,32.25,4.8496,-54841000
50,475,4,0.6,33.35,4.4085,-51417000
50,475,4,0.7,34.35,4.0369,-48482000
50,475,4,0.8,35.65,3.7162,-45660000
50,475,5,0.5,19.75,5.3915,-73890000
50,475,5,0.6,20.4,4.9483,-69651000
50,475,5,0.7,21,4.5748,-66008000
50,475,5,0.8,21.6,4.2523,-62748000
50,475,6,0.5,13.35,5.8358,-93503000
50,475,6,0.6,13.6,5.3912,-89041000
50,475,6,0.7,14.05,5.0165,-84504000
50,475,6,0.8,14.4,4.6927,-80732000
50,475,7,0.5,9.6,6.2134,-113770000
50,475,7,0.6,9.85,5.768,-108220000
50,475,7,0.7,10.05,5.3921,-103590000
50,475,7,0.8,10.25,5.0674,-99437000
50,500,4,0.5,35.4,4.8498,-52345000
50,500,4,0.6,36.7,4.4086,-49016000
50,500,4,0.7,38.3,4.037,-45914000
50,500,4,0.8,39.65,3.7164,-43296000
50,500,5,0.5,21.85,5.3916,-70250000
50,500,5,0.6,22.6,4.9484,-66175000
50,500,5,0.7,23.15,4.5749,-62868000
50,500,5,0.8,23.95,4.2525,-59591000
50,500,6,0.5,14.75,5.8358,-88955000
50,500,6,0.6,15.2,5.3912,-84224000
50,500,6,0.7,15.6,5.0165,-80196000
50,500,6,0.8,16.05,4.6927,-76470000
50,500,7,0.5,10.6,6.2135,-108280000
50,500,7,0.6,10.95,5.7681,-102640000
50,500,7,0.7,11.1,5.3923,-98569000
50,500,7,0.8,11.45,5.0676,-94083000
50,525,4,0.5,39.3,4.8499,-49680000
50,525,4,0.6,40.6,4.4087,-46602000
50,525,4,0.7,42.05,4.0371,-43820000
50,525,4,0.8,43.8,3.7165,-41195000
50,525,5,0.5,23.95,5.3916,-67100000
50,525,5,0.6,24.85,4.9486,-63109000
50,525,5,0.7,25.7,4.575,-59668000
50,525,5,0.8,26.4,4.2525,-56759000
50,525,6,0.5,16.25,5.836,-84751000
50,525,6,0.6,16.7,5.3914,-80354000
50,525,6,0.7,17.1,5.0165,-76598000
50,525,6,0.8,17.6,4.6929,-73026000
50,525,7,0.5,11.8,6.2135,-102620000
50,525,7,0.6,12,5.7681,-98049000
50,525,7,0.7,12.3,5.3925,-93639000
50,525,7,0.8,12.5,5.0678,-90047000
50,550,4,0.5,42.95,4.8501,-47523000
50,550,4,0.6,44.4,4.4088,-44564000
50,550,4,0.7,46.5,4.0372,-41671000
50,550,4,0.8,48.15,3.7166,-39290000
50,550,5,0.5,26.45,5.3918,-63851000
50,550,5,0.6,27.25,4.9486,-60266000
50,550,5,0.7,28.05,4.5751,-57115000
50,550,5,0.8,28.9,4.2526,-54249000
50,550,6,0.5,17.85,5.8359,-80863000
50,550,6,0.6,18.3,5.3915,-76762000
50,550,6,0.7,18.9,5.0167,-72860000
50,550,6,0.8,19.35,4.6929,-69646000
50,550,7,0.5,12.75,6.2138,-98727000
50,550,7,0.6,13.25,5.7681,-93309000
50,550,7,0.7,13.55,5.3924,-89215000
50,550,7,0.8,13.8,5.0679,-85702000
50,575,4,0.5,47.05,4.8502,-45406000
50,575,4,0.6,48.65,4.409,-42574000
50,575,4,0.7,50.6,4.0374,-39947000
50,575,4,0.8,52.45,3.7166,-37646000
50,575,5,0.5,28.8,5.3919,-61191000
50,575,5,0.6,29.8,4.9487,-57630000
50,575,5,0.7,30.7,4.5753,-54595000
50,575,5,0.8,31.6,4.2527,-51880000
50,575,6,0.5,19.45,5.8361,-77467000
50,575,6,0.6,20.05,5.3915,-73335000
50,575,6,0.7,20.5,5.0168,-69960000
50,575,6,0.8,21.15,4.693,-66617000
50,575,7,0.5,14.05,6.214,-94051000
50,575,7,0.6,14.4,5.7685,-89508000
50,575,7,0.7,14.7,5.3927,-85656000
50,575,7,0.8,14.95,5.0679,-82339000
50,600,4,0.5,51.05,4.8503,-43591000
50,600,4,0.6,53.1,4.409,-40751000
50,600,4,0.7,54.9,4.0375,-38352000
50,600,4,0.8,56.55,3.7168,-36256000
50,600,5,0.5,31.5,5.3919,-58510000
50,600,5,0.6,32.4,4.9488,-55270000
50,600,5,0.7,33.35,4.5752,-52381000
50,600,5,0.8,34.45,4.2528,-49689000
50,600,6,0.5,21.2,5.8361,-74201000
50,600,6,0.6,21.95,5.3916,-70090000
50,600,6,0.7,22.45,5.0167,-66852000
50,600,6,0.8,23.05,4.693,-63813000
50,600,7,0.5,15.3,6.2142,-90128000
50,600,7,0.6,15.7,5.7685,-85723000
50,600,7,0.7,16,5.3928,-82103000
50,600,7,0.8,16.45,5.068,-78496000
52.5,150,4,0.5,3.55,5.3442,-173520000
52.5,150,4,0.6,3.7,4.8582,-162050000
52.5,150,4,0.7,3.8,4.4488,-153020000
52.5,150,4,0.8,3.95,4.0954,-144000000
52.5,150,5,0.5,2.15,5.9422,-235110000
52.5,150,5,0.6,2.25,5.4535,-220170000
52.5,150,5,0.7,2.3,5.0423,-209390000
52.5,150,5,0.8,2.4,4.6864,-197620000
52.5,150,6,0.5,1.45,6.4321,-297860000
52.5,150,6,0.6,1.5,5.9424,-281480000
52.5,150,6,0.7,1.55,5.5294,-267110000
52.5,150,6,0.8,1.6,5.1722,-254270000
52.5,150,7,0.5,1.05,6.8464,-361120000
52.5,150,7,0.6,1.1,6.3562,-339950000
52.5,150,7,0.7,1.1,5.9415,-328680000
52.5,150,7,0.8,1.15,5.5837,-311620000
52.5,175,4,0.5,4.8,5.3449,-149230000
52.5,175,4,0.6,5,4.8586,-139410000
52.5,175,4,0.7,5.15,4.4492,-131450000
52.5,175,4,0.8,5.35,4.0957,-123740000
52.5,175,5,0.5,2.95,5.9422,-200710000
52.5,175,5,0.6,3.05,5.454,-189110000
52.5,175,5,0.7,3.15,5.0425,-178930000
52.5,175,5,0.8,3.2,4.6868,-171150000
52.5,175,6,0.5,2,6.4317,-253610000
52.5,175,6,0.6,2.05,5.9422,-240780000
52.5,175,6,0.7,2.1,5.5293,-229480000
52.5,175,6,0.8,2.15,5.1726,-219360000
52.5,175,7,0.5,1.45,6.8476,-307330000
52.5,175,7,0.6,1.5,6.356,-291110000
52.5,175,7,0.7,1.5,5.9429,-281490000
52.5,175,7,0.8,1.55,5.5842,-268430000
52.5,200,4,0.5,6.25,5.3453,-130790000
52.5,200,4,0.6,6.5,4.8588,-122270000
52.5,200,4,0.7,6.75,4.4493,-114820000
52.5,200,4,0.8,7,4.0958,-108180000
52.5,200,5,0.5,3.8,5.9425,-176850000
52.5,200,5,0.6,3.95,5.4542,-166180000
52.5,200,5,0.7,4.1,5.0427,-156840000
52.5,200,5,0.8,4.2,4.6871,-149400000
52.5,200,6,0.5,2.65,6.4321,-220330000
52.5,200,6,0.6,2.65,5.9425,-211780000
52.5,200,6,0.7,2.75,5.5295,-200540000
52.5,200,6,0.8,2.8,5.1725,-192220000
52.5,200,7,0.5,1.85,6.8479,-272090000
52.5,200,7,0.6,1.95,6.3571,-255350000
52.5,200,7,0.7,1.95,5.9425,-246880000
52.5,200,7,0.8,2,5.5847,-236320000
52.5,225,4,0.5,7.95,5.3454,-115960000
52.5,225,4,0.6,8.3,4.8591,-108210000
52.5,225,4,0.7,8.6,4.4495,-101720000
52.5,225,4,0.8,8.85,4.096,-96211000
52.5,225,5,0.5,4.85,5.9428,-156550000
52.5,225,5,0.6,5,5.4544,-147710000
52.5,225,5,0.7,5.2,5.0428,-139270000
52.5,225,5,0.8,5.35,4.6872,-132370000
52.5,225,6,0.5,3.3,6.4322,-197440000
52.5,225,6,0.6,3.35,5.9427,-188360000
52.5,225,6,0.7,3.5,5.5298,-177760000
52.5,225,6,0.8,3.6,5.1727,-169520000
52.5,225,7,0.5,2.35,6.8482,-241420000
52.5,225,7,0.6,2.45,6.3571,-227800000
52.5,225,7,0.7,2.5,5.9433,-218050000
52.5,225,7,0.8,2.55,5.5851,-209300000
52.5,250,4,0.5,9.8,5.3457,-104450000
52.5,250,4,0.6,10.15,4.8592,-97851000
52.5,250,4,0.7,10.6,4.4496,-91627000
52.5,250,4,0.8,10.95,4.096,-86495000
52.5,250,5,0.5,6,5.9429,-140750000
52.5,250,5,0.6,6.2,5.4546,-132650000
52.5,250,5,0.7,6.45,5.0428,-125050000
52.5,250,5,0.8,6.55,4.6873,-119630000
52.5,250,6,0.5,4.1,6.4328,-177140000
52.5,250,6,0.6,4.15,5.9428,-169230000
52.5,250,6,0.7,4.35,5.5295,-159450000
52.5,250,6,0.8,4.4,5.1727,-153340000
52.5,250,7,0.5,2.95,6.8483,-215470000
52.5,250,7,0.6,3,6.3575,-205870000
52.5,250,7,0.7,3.05,5.9431,-197410000
52.5,250,7,0.8,3.15,5.5854,-188320000
52.5,275,4,0.5,11.9,5.3458,-94787000
52.5,275,4,0.6,12.3,4.8594,-88890000
52.5,275,4,0.7,12.7,4.4497,-83710000
52.5,275,4,0.8,13.25,4.0961,-78631000
52.5,275,5,0.5,7.35,5.9432,-127170000
52.5,275,5,0.6,7.5,5.4546,-120610000
52.5,275,5,0.7,7.7,5.043,-114450000
52.5,275,5,0.8,7.95,4.6874,-108590000
52.5,275,6,0.5,4.95,6.4331,-161220000
52.5,275,6,0.6,5.1,5.9431,-152660000
52.5,275,6,0.7,5.2,5.5299,-145840000
52.5,275,6,0.8,5.35,5.1729,-139060000
52.5,275,7,0.5,3.55,6.8491,-196430000
52.5,275,7,0.6,3.6,6.3574,-187930000
52.5,275,7,0.7,3.7,5.9434,-179240000
52.5,275,7,0.8,3.8,5.5856,-171460000
52.5,300,4,0.5,14.1,5.3459,-87080000
52.5,300,4,0.6,14.7,4.8595,-81311000
52.5,300,4,0.7,15.1,4.4498,-76771000
52.5,300,4,0.8,15.65,4.0963,-72352000
52.5,300,5,0.5,8.7,5.9433,-116890000
52.5,300,5,0.6,8.95,5.4548,-110410000
52.5,300,5,0.7,9.15,5.043,-104990000
52.5,300,5,0.8,9.5,4.6876,-99341000
52.5,300,6,0.5,5.95,6.433,-147050000
52.5,300,6,0.6,6,5.943,-140750000
52.5,300,6,0.7,6.15,5.53,-134100000
52.5,300,6,0.8,6.35,5.173,-127640000
52.5,300,7,0.5,4.2,6.8489,-180590000
52.5,300,7,0.6,4.3,6.3577,-171960000
52.5,300,7,0.7,4.4,5.9438,-164370000
52.5,300,7,0.8,4.5,5.5858,-157560000
52.5,325,4,0.5,16.55,5.3461,-80377000
52.5,325,4,0.6,17.2,4.8597,-75172000
52.5,325,4,0.7,17.7,4.45,-70910000
52.5,325,4,0.8,18.4,4.0964,-66728000
52.5,325,5,0.5,10.2,5.9435,-107950000
52.5,325,5,0.6,10.5,5.4549,-101930000
52.5,325,5,0.7,10.75,5.0431,-96863000
52.5,325,5,0.8,11.2,4.6875,-91491000
52.5,325,6,0.5,6.85,6.4332,-137050000
52.5,325,6,0.6,7.05,5.9434,-129850000
52.5,325,6,0.7,7.25,5.5301,-123510000
52.5,325,6,0.8,7.45,5.173,-117840000
52.5,325,7,0.5,4.95,6.849,-166350000
52.5,325,7,0.6,5.05,6.3581,-158680000
52.5,325,7,0.7,5.2,5.9439,-151200000
52.5,325,7,0.8,5.3,5.586,-145190000
52.5,350,4,0.5,19.2,5.3462,-74626000
52.5,350,4,0.6,19.95,4.8598,-69799000
52.5,350,4,0.7,20.55,4.45,-65810000
52.5,350,4,0.8,21.6,4.0965,-61588000
52.5,350,5,0.5,11.8,5.9436,-100370000
52.5,350,5,0.6,12.2,5.455,-94566000
52.5,350,5,0.7,12.65,5.0432,-89294000
52.5,350,5,0.8,12.85,4.6877,-85417000
52.5,350,6,0.5,8,6.4333,-126820000
52.5,350,6,0.6,8.2,5.9434,-120400000
52.5,350,6,0.7,8.4,5.5302,-114750000
52.5,350,6,0.8,8.6,5.1732,-109680000
52.5,350,7,0.5,5.7,6.8495,-155030000
52.5,350,7,0.6,5.9,6.3583,-146810000
52.5,350,7,0.7,5.95,5.9439,-141350000
52.5,350,7,0.8,6.1,5.586,-135330000
52.5,375,4,0.5,22.05,5.3463,-69637000
52.5,375,4,0.6,22.85,4.8599,-65221000
52.5,375,4,0.7,23.85,4.4501,-61088000
52.5,375,4,0.8,24.5,4.0966,-57829000
52.5,375,5,0.5,13.5,5.9437,-93837000
52.5,375,5,0.6,14,5.4551,-88278000
52.5,375,5,0.7,14.35,5.0434,-83840000
52.5,375,5,0.8,14.8,4.6877,-79591000
52.5,375,6,0.6,9.45,5.9435,-112160000
52.5,375,6,0.7,9.7,5.5302,-106780000
52.5,375,6,0.8,9.95,5.1733,-101970000
52.5,375,7,0.5,6.55,6.8497,-144620000
52.5,375,7,0.6,6.8,6.3583,-136750000
52.5,375,7,0.7,6.9,5.9441,-131260000
52.5,375,7,0.8,7.1,5.5861,-125440000
52.5,400,4,0.5,25,5.3465,-65400000
52.5,400,4,0.6,26.05,4.86,-61084000
52.5,400,4,0.7,27,4.4504,-57416000
52.5,400,4,0.8,28.1,4.0968,-53999000
52.5,400,5,0.5,15.35,5.9438,-88002000
52.5,400,5,0.6,15.9,5.4552,-82836000
52.5,400,5,0.7,16.3,5.0435,-78666000
52.5,400,5,0.8,16.85,4.6879,-74594000
52.5,400,6,0.5,10.45,6.4336,-110960000
52.5,400,6,0.6,10.7,5.9436,-105400000
52.5,400,6,0.7,11,5.5303,-100280000
52.5,400,6,0.8,11.4,5.1733,-95268000
52.5,400,7,0.5,7.55,6.8497,-134700000
52.5,400,7,0.6,7.75,6.3586,-128100000
52.5,400,7,0.7,7.9,5.9444,-122680000
52.5,400,7,0.8,8,5.5863,-118180000
52.5,425,4,0.5,28.3,5.3466,-61469000
52.5,425,4,0.6,29.4,4.8601,-57500000
52.5,425,4,0.7,30.5,4.4504,-54022000
52.5,425,4,0.8,31.5,4.0969,-51002000
52.5,425,5,0.5,17.4,5.9439,-82656000
52.5,425,5,0.6,18.05,5.4553,-77747000
52.5,425,5,0.7,18.55,5.0436,-73741000
52.5,425,5,0.8,19.1,4.688,-70064000
52.5,425,6,0.5,11.75,6.4338,-104650000
52.5,425,6,0.6,11.95,5.9434,-99736000
52.5,425,6,0.7,12.45,5.5304,-94256000
52.5,425,6,0.8,12.7,5.1735,-90262000
52.5,425,7,0.5,8.45,6.8501,-127330000
52.5,425,7,0.6,8.6,6.3587,-121600000
52.5,425,7,0.7,8.95,5.9445,-115260000
52.5,425,7,0.8,9.15,5.5864,-110500000
52.5,450,4,0.5,31.75,5.3467,-58034000
52.5,450,4,0.6,32.85,4.8602,-54397000
52.5,450,4,0.7,34.1,4.4506,-51091000
52.5,450,4,0.8,35.45,4.097,-48077000
52.5,450,5,0.5,19.45,5.944,-78180000
52.5,450,5,0.6,20.2,5.4554,-73494000
52.5,450,5,0.7,20.75,5.0437,-69724000
52.5,450,5,0.8,21.35,4.6881,-66270000
52.5,450,6,0.5,13.1,6.4338,-99109000
52.5,450,6,0.6,13.65,5.9437,-93321000
52.5,450,6,0.7,13.95,5.5304,-89045000
52.5,450,6,0.8,14.25,5.1735,-85212000
52.5,450,7,0.5,9.55,6.8501,-119770000
52.5,450,7,0.6,9.75,6.3588,-114210000
52.5,450,7,0.7,10,5.9447,-109040000
52.5,450,7,0.8,10.15,5.5868,-104920000
52.5,475,4,0.5,35.45,5.3467,-54923000
52.5,475,4,0.6,36.6,4.8604,-51536000
52.5,475,4,0.7,38.1,4.4506,-48335000
52.5,475,4,0.8,39.45,4.0971,-45576000
52.5,475,5,0.5,21.85,5.9441,-73762000
52.5,475,5,0.6,22.4,5.4555,-69793000
52.5,475,5,0.7,23.2,5.0438,-65940000
52.5,475,5,0.8,23.7,4.6882,-62899000
52.5,475,6,0.5,14.8,6.4338,-93243000
52.5,475,6,0.6,15.15,5.9438,-88581000
52.5,475,6,0.7,15.45,5.5306,-84613000
52.5,475,6,0.8,15.8,5.1736,-80925000
52.5,475,7,0.5,10.6,6.8502,-113690000
52.5,475,7,0.6,10.85,6.3591,-108270000
52.5,475,7,0.7,11,5.9449,-103970000
52.5,475,7,0.8,11.3,5.5869,-99440000
52.5,500,4,0.5,39.1,5.3469,-52297000
52.5,500,4,0.6,40.6,4.8605,-48932000
52.5,500,4,0.7,42.2,4.4508,-45928000
52.5,500,4,0.8,43.95,4.0973,-43180000
52.5,500,5,0.5,24.05,5.9442,-70308000
52.5,500,5,0.6,24.95,5.4556,-66131000
52.5,500,5,0.7,25.55,5.0439,-62835000
52.5,500,5,0.8,26.3,4.6884,-59710000
52.5,500,6,0.5,16.3,6.434,-88851000
52.5,500,6,0.6,16.7,5.9439,-84371000
52.5,500,6,0.7,17.2,5.5307,-80194000
52.5,500,6,0.8,17.65,5.1737,-76567000
52.5,500,7,0.5,11.75,6.8503,-107980000
52.5,500,7,0.6,12.05,6.3592,-102740000
52.5,500,7,0.7,12.3,5.9451,-98320000
52.5,500,7,0.8,12.45,5.587,-94737000
52.5,525,4,0.5,43.25,5.347,-49725000
52.5,525,4,0.6,44.6,4.8606,-46687000
52.5,525,4,0.7,46.35,4.4509,-43824000
52.5,525,4,0.8,48.35,4.0974,-41169000
52.5,525,5,0.5,26.4,5.9442,-67106000
52.5,525,5,0.6,27.45,5.4556,-63047000
52.5,525,5,0.7,28.35,5.044,-59652000
52.5,525,5,0.8,29.15,4.6885,-56717000
52.5,525,6,0.5,18,6.4342,-84552000
52.5,525,6,0.6,18.45,5.9441,-80271000
52.5,525,6,0.7,18.9,5.5308,-76503000
52.5,525,6,0.8,19.45,5.1738,-72939000
52.5,525,7,0.5,12.85,6.8505,-103260000
52.5,525,7,0.6,13.25,6.3593,-97974000
52.5,525,7,0.7,13.5,5.9452,-93849000
52.5,525,7,0.8,13.8,5.5873,-89986000
52.5,550,4,0.5,47.4,5.3472,-47500000
52.5,550,4,0.6,49,4.8607,-44542000
52.5,550,4,0.7,51,4.4511,-41780000
52.5,550,4,0.8,52.95,4.0975,-39341000
52.5,550,5,0.5,29.15,5.9444,-63863000
52.5,550,5,0.6,30.3,5.4558,-60010000
52.5,550,5,0.7,30.9,5.0441,-57138000
52.5,550,5,0.8,31.85,4.6885,-54260000
52.5,550,6,0.5,19.65,6.4341,-80924000
52.5,550,6,0.6,20.2,5.9441,-76716000
52.5,550,6,0.7,20.85,5.5309,-72838000
52.5,550,6,0.8,21.3,5.1739,-69700000
52.5,550,7,0.5,14.2,6.8508,-98229000
52.5,550,7,0.6,14.5,6.3595,-93658000
52.5,550,7,0.7,14.8,5.9452,-89633000
52.5,550,7,0.8,15.2,5.5874,-85743000
52.5,575,4,0.5,51.9,5.3473,-45394000
52.5,575,4,0.6,53.4,4.8609,-42668000
52.5,575,4,0.7,55.6,4.4511,-40014000
52.5,575,4,0.8,58.1,4.0976,-37557000
52.5,575,5,0.5,31.7,5.9445,-61241000
52.5,575,5,0.6,32.8,5.4559,-57678000
52.5,575,5,0.7,33.9,5.0442,-54552000
52.5,575,5,0.8,34.9,4.6886,-51835000
52.5,575,6,0.5,21.45,6.4342,-77455000
52.5,575,6,0.6,22.25,5.9442,-73096000
52.5,575,6,0.7,22.75,5.531,-69731000
52.5,575,6,0.8,23.3,5.174,-66642000
52.5,575,7,0.5,15.4,6.8506,-94323000
52.5,575,7,0.6,15.85,6.3597,-89581000
52.5,575,7,0.7,16.25,5.9454,-85542000
52.5,575,7,0.8,16.5,5.5873,-82295000
52.5,600,4,0.5,56.1,5.3475,-43662000
52.5,600,4,0.6,58.5,4.861,-40766000
52.5,600,4,0.7,60.55,4.4513,-38344000
52.5,600,4,0.8,62.7,4.0978,-36154000
52.5,600,5,0.5,34.7,5.9446,-58535000
52.5,600,5,0.6,35.65,5.456,-55325000
52.5,600,5,0.7,36.75,5.0442,-52394000
52.5,600,5,0.8,38.1,4.6887,-49611000
52.5,600,6,0.5,23.3,6.4343,-74317000
52.5,600,6,0.6,23.95,5.9442,-70455000
52.5,600,6,0.7,24.75,5.531,-66855000
52.5,600,6,0.8,25.4,5.1741,-63828000
52.5,600,7,0.5,16.8,6.8511,-90311000
52.5,600,7,0.6,17.3,6.3599,-85747000
52.5,600,7,0.7,17.6,5.9456,-82197000
52.5,600,7,0.8,18.05,5.5875,-78684000
55,150,4,0.5,3.9,5.866,-173440000
55,150,4,0.6,4,5.3325,-163290000
55,150,4,0.7,4.15,4.8823,-153390000
55,150,4,0.8,4.3,4.4947,-144590000
55,150,5,0.5,2.4,6.5207,-233110000
55,150,5,0.6,2.45,5.9859,-221050000
55,150,5,0.7,2.55,5.5336,-208330000
55,150,5,0.8,2.6,5.1437,-198910000
55,150,6,0.5,1.6,7.0585,-297040000
55,150,6,0.6,1.65,6.5213,-281150000
55,150,6,0.7,1.7,6.0681,-267190000
55,150,6,0.8,1.75,5.6764,-254700000
55,150,7,0.5,1.15,7.5155,-361530000
55,150,7,0.6,1.2,6.9759,-340980000
55,150,7,0.7,1.2,6.5218,-329690000
55,150,7,0.8,1.25,6.1294,-313160000
55,175,4,0.5,5.25,5.8661,-149490000
55,175,4,0.6,5.45,5.3326,-139890000
55,175,4,0.7,5.75,4.8828,-130320000
55,175,4,0.8,5.9,4.495,-123440000
55,175,5,0.5,3.2,6.5217,-201890000
55,175,5,0.6,3.35,5.986,-189040000
55,175,5,0.7,3.45,5.534,-179110000
55,175,5,0.8,3.55,5.1437,-170230000
55,175,6,0.5,2.2,7.0585,-253320000
55,175,6,0.6,2.25,6.522,-240780000
55,175,6,0.7,2.3,6.0684,-229710000
55,175,6,0.8,2.35,5.6768,-219800000
55,175,7,0.5,1.55,7.5144,-311380000
55,175,7,0.6,1.6,6.9765,-295310000
55,175,7,0.7,1.65,6.5218,-281160000
55,175,7,0.8,1.7,6.1287,-268520000
55,200,4,0.5,6.85,5.8664,-130870000
55,200,4,0.6,7.1,5.3325,-122560000
55,200,4,0.7,7.4,4.8832,-114880000
55,200,4,0.8,7.7,4.4951,-108050000
55,200,5,0.5,4.25,6.5217,-175190000
55,200,5,0.6,4.4,5.9861,-164950000
55,200,5,0.7,4.5,5.5343,-156830000
55,200,5,0.8,4.6,5.144,-149550000
55,200,6,0.5,2.9,7.0593,-220650000
55,200,6,0.6,2.95,6.5221,-210280000
55,200,6,0.7,3,6.0682,-201130000
55,200,6,0.8,3.1,5.6771,-191380000
55,200,7,0.5,2.05,7.515,-270770000
55,200,7,0.6,2.15,6.9765,-254750000
55,200,7,0.7,2.15,6.5218,-246310000
55,200,7,0.8,2.2,6.1295,-236060000
55,225,4,0.5,8.7,5.8667,-116130000
55,225,4,0.6,8.95,5.3328,-109160000
55,225,4,0.7,9.3,4.8832,-102480000
55,225,4,0.8,9.75,4.4953,-96027000
55,225,5,0.5,5.4,6.5222,-155420000
55,225,5,0.6,5.5,5.9862,-147540000
55,225,5,0.7,5.7,5.5345,-139350000
55,225,5,0.8,5.8,5.1441,-133190000
55,225,6,0.5,3.65,7.0596,-196680000
55,225,6,0.6,3.7,6.5222,-187760000
55,225,6,0.7,3.8,6.0685,-178720000
55,225,6,0.8,3.9,5.6771,-170630000
55,225,7,0.5,2.65,7.516,-238170000
55,225,7,0.6,2.65,6.9773,-229470000
55,225,7,0.7,2.75,6.5227,-217800000
55,225,7,0.8,2.8,6.1293,-209240000
55,250,4,0.5,10.7,5.8669,-104720000
55,250,4,0.6,11.15,5.3331,-97806000
55,250,4,0.7,11.55,4.8835,-91958000
55,250,4,0.8,12.05,4.4954,-86379000
55,250,5,0.5,6.6,6.5227,-140590000
55,250,5,0.6,6.8,5.9863,-132690000
55,250,5,0.7,7.05,5.5345,-125300000
55,250,5,0.8,7.2,5.1443,-119540000
55,250,6,0.5,4.45,7.0599,-178130000
55,250,6,0.6,4.6,6.5224,-168400000
55,250,6,0.7,4.75,6.069,-159850000
55,250,6,0.8,4.85,5.677,-153000000
55,250,7,0.5,3.2,7.5166,-216750000
55,250,7,0.6,3.25,6.977,-207210000
55,250,7,0.7,3.4,6.5229,-195880000
55,250,7,0.8,3.45,6.1297,-188510000
55,275,4,0.5,13.05,5.867,-94824000
55,275,4,0.6,13.45,5.333,-89051000
55,275,4,0.7,13.95,4.8836,-83675000
55,275,4,0.8,14.65,4.4955,-78341000
55,275,5,0.5,7.95,6.5225,-128100000
55,275,5,0.6,8.3,5.9866,-120110000
55,275,5,0.7,8.5,5.5346,-114120000
55,275,5,0.8,8.8,5.1445,-108130000
55,275,6,0.5,5.4,7.0604,-161710000
55,275,6,0.6,5.5,6.5225,-154010000
55,275,6,0.7,5.75,6.0689,-145290000
55,275,6,0.8,5.85,5.6772,-139320000
55,275,7,0.5,3.95,7.5164,-195080000
55,275,7,0.6,4,6.9778,-186790000
55,275,7,0.7,4.05,6.523,-179480000
55,275,7,0.8,4.15,6.13,-171880000
55,300,4,0.5,15.45,5.8671,-87149000
55,300,4,0.6,16,5.3333,-81650000
55,300,4,0.7,16.7,4.8838,-76478000
55,300,4,0.8,17.2,4.4957,-72302000
55,300,5,0.5,9.5,6.5229,-117190000
55,300,5,0.6,9.85,5.9867,-110250000
55,300,5,0.7,10.1,5.5348,-104690000
55,300,5,0.8,10.4,5.1445,-99465000
55,300,6,0.5,6.45,7.0604,-147960000
55,300,6,0.6,6.65,6.5227,-140060000
55,300,6,0.7,6.75,6.0692,-134100000
55,300,6,0.8,7,5.6775,-127360000
55,300,7,0.5,4.7,7.5163,-178840000
55,300,7,0.6,4.75,6.9776,-171400000
55,300,7,0.7,4.9,6.5233,-163170000
55,300,7,0.8,4.95,6.1303,-157380000
55,325,4,0.5,18.25,5.8673,-80187000
55,325,4,0.6,18.8,5.3334,-75325000
55,325,4,0.7,19.7,4.8838,-70414000
55,325,4,0.8,20.2,4.4959,-66718000
55,325,5,0.5,11.15,6.5231,-108170000
55,325,5,0.6,11.5,5.9868,-102040000
55,325,5,0.7,11.85,5.5349,-96652000
55,325,5,0.8,12.2,5.1447,-91836000
55,325,6,0.5,7.5,7.0606,-137220000
55,325,6,0.6,7.75,6.5228,-129740000
55,325,6,0.7,8.05,6.0691,-122790000
55,325,6,0.8,8.2,5.6775,-117680000
55,325,7,0.5,5.4,7.5172,-166860000
55,325,7,0.6,5.6,6.9782,-157870000
55,325,7,0.7,5.75,6.5232,-150630000
55,325,7,0.8,5.8,6.1306,-145400000
55,350,4,0.5,21,5.8675,-74754000
55,350,4,0.6,21.9,5.3336,-69791000
55,350,4,0.7,22.65,4.884,-65670000
55,350,4,0.8,23.55,4.496,-61792000
55,350,5,0.5,12.95,6.5232,-100370000
55,350,5,0.6,13.25,5.9868,-95061000
55,350,5,0.7,13.9,5.5349,-89241000
55,350,5,0.8,14.25,5.1447,-84974000
55,350,6,0.5,8.75,7.0606,-127040000
55,350,6,0.6,8.95,6.5227,-120730000
55,350,6,0.7,9.3,6.0694,-114250000
55,350,6,0.8,9.45,5.6777,-109620000
55,350,7,0.5,6.3,7.5174,-154480000
55,350,7,0.6,6.45,6.9782,-147100000
55,350,7,0.7,6.6,6.5237,-140600000
55,350,7,0.8,6.75,6.1307,-134780000
55,375,4,0.5,24.2,5.8676,-69637000
55,375,4,0.6,25.05,5.3337,-65257000
55,375,4,0.7,26.1,4.8841,-61177000
55,375,4,0.8,27.05,4.4961,-57657000
55,375,5,0.5,14.95,6.5231,-93416000
55,375,5,0.6,15.3,5.987,-88465000
55,375,5,0.7,15.95,5.5351,-83310000
55,375,5,0.8,16.25,5.1449,-79575000
55,375,6,0.5,10,7.0607,-118830000
55,375,6,0.6,10.35,6.523,-112270000
55,375,6,0.7,10.65,6.0695,-106760000
55,375,6,0.8,10.9,5.6778,-102070000
55,375,7,0.5,7.25,7.5174,-144010000
55,375,7,0.6,7.4,6.9782,-137330000
55,375,7,0.7,7.6,6.5239,-131030000
55,375,7,0.8,7.75,6.1309,-125780000
55,400,4,0.5,27.5,5.8678,-65326000
55,400,4,0.6,28.4,5.3338,-61288000
55,400,4,0.7,29.5,4.8842,-57544000
55,400,4,0.8,30.75,4.4962,-54077000
55,400,5,0.5,16.9,6.5234,-87864000
55,400,5,0.6,17.5,5.9872,-82720000
55,400,5,0.7,17.9,5.5352,-78642000
55,400,5,0.8,18.5,5.145,-74580000
55,400,6,0.5,11.35,7.0609,-111540000
55,400,6,0.6,11.65,6.5229,-105820000
55,400,6,0.7,12,6.0695,-100580000
55,400,6,0.8,12.45,5.6778,-95504000
55,400,7,0.5,8.25,7.5177,-135000000
55,400,7,0.6,8.45,6.9786,-128520000
55,400,7,0.7,8.7,6.5239,-122460000
55,400,7,0.8,8.85,6.131,-117710000
55,425,4,0.5,31.2,5.8679,-61331000
55,425,4,0.6,32.3,5.334,-57470000
55,425,4,0.7,33.4,4.8844,-54081000
55,425,4,0.8,34.55,4.4963,-51018000
55,425,5,0.5,19.25,6.5233,-82325000
55,425,5,0.6,19.65,5.9872,-78063000
55,425,5,0.7,20.35,5.5354,-73758000
55,425,5,0.8,20.9,5.1451,-70168000
55,425,6,0.5,12.95,7.0611,-104430000
55,425,6,0.6,13.35,6.5231,-98856000
55,425,6,0.7,13.6,6.0697,-94477000
55,425,6,0.8,14,5.6779,-90063000
55,425,7,0.5,9.35,7.5178,-126810000
55,425,7,0.6,9.55,6.9786,-120890000
55,425,7,0.7,9.75,6.5242,-115680000
55,425,7,0.8,9.95,6.1313,-111010000
55,450,4,0.5,34.75,5.868,-58114000
55,450,4,0.6,36.25,5.3341,-54249000
55,450,4,0.7,37.45,4.8845,-51074000
55,450,4,0.8,38.9,4.4965,-48082000
55,450,5,0.5,21.25,6.5235,-78357000
55,450,5,0.6,21.95,5.9874,-73861000
55,450,5,0.7,22.75,5.5355,-69759000
55,450,5,0.8,23.5,5.1453,-66174000
55,450,6,0.5,14.4,7.061,-99030000
55,450,6,0.6,14.9,6.5233,-93574000
55,450,6,0.7,15.3,6.0697,-89075000
55,450,6,0.8,15.6,5.6781,-85320000
55,450,7,0.5,10.4,7.5179,-120240000
55,450,7,0.6,10.65,6.9789,-114480000
55,450,7,0.7,11,6.5242,-108910000
55,450,7,0.8,11.1,6.1315,-105110000
55,475,4,0.5,38.5,5.8681,-55212000
55,475,4,0.6,40,5.3343,-51645000
55,475,4,0.7,41.65,4.8847,-48431000
55,475,4,0.8,43.25,4.4967,-45600000
55,475,5,0.5,23.8,6.5237,-74041000
55,475,5,0.6,24.65,5.9874,-69699000
55,475,5,0.7,25.3,5.5356,-66151000
55,475,5,0.8,26.25,5.1453,-62612000
55,475,6,0.5,16.15,7.0613,-93513000
55,475,6,0.6,16.6,6.5234,-88654000
55,475,6,0.7,17.1,6.0699,-84257000
55,475,6,0.8,17.4,5.6781,-80787000
55,475,7,0.5,11.65,7.5181,-113610000
55,475,7,0.6,11.95,6.9791,-108080000
55,475,7,0.7,12.15,6.5246,-103630000
55,475,7,0.8,12.45,6.1316,-99247000
55,500,4,0.5,42.8,5.8683,-52366000
55,500,4,0.6,44.35,5.3344,-49047000
55,500,4,0.7,46.35,4.8848,-45911000
55,500,4,0.8,48.05,4.4968,-43263000
55,500,5,0.5,26.4,6.5237,-70301000
55,500,5,0.6,27.25,5.9875,-66291000
55,500,5,0.7,28.1,5.5357,-62769000
55,500,5,0.8,28.9,5.1455,-59673000
55,500,6,0.5,17.9,7.0614,-88825000
55,500,6,0.6,18.4,6.5235,-84207000
55,500,6,0.7,18.9,6.07,-80145000
55,500,6,0.8,19.3,5.6782,-76708000
55,500,7,0.5,12.8,7.5185,-108390000
55,500,7,0.6,13.2,6.9792,-102830000
55,500,7,0.7,13.45,6.5247,-98500000
55,500,7,0.8,13.85,6.1318,-94098000
55,525,4,0.5,47,5.8684,-49972000
55,525,4,0.6,49.15,5.3346,-46591000
55,525,4,0.7,50.9,4.8849,-43811000
55,525,4,0.8,53.1,4.4969,-41155000
55,525,5,0.5,29.1,6.5239,-66961000
55,525,5,0.6,30.15,5.9877,-63024000
55,525,5,0.7,31.1,5.5358,-59666000
55,525,5,0.8,32,5.1456,-56710000
55,525,6,0.5,19.8,7.0614,-84456000
55,525,6,0.6,20.3,6.5236,-80170000
55,525,6,0.7,20.85,6.0701,-76306000
55,525,6,0.8,21.4,5.6783,-72848000
55,525,7,0.5,14.1,7.5185,-103270000
55,525,7,0.6,14.55,6.9795,-97948000
55,525,7,0.7,14.95,6.5248,-93428000
55,525,7,0.8,15.2,6.132,-89825000
55,550,4,0.5,52.1,5.8686,-47464000
55,550,4,0.6,53.8,5.3347,-44532000
55,550,4,0.7,56.1,4.8851,-41732000
55,550,4,0.8,58.3,4.497,-39277000
55,550,5,0.5,32,6.5241,-63856000
55,550,5,0.6,33,5.9877,-60241000
55,550,5,0.7,34,5.5359,-57065000
55,550,5,0.8,35.2,5.1456,-54071000
55,550,6,0.5,21.55,7.0615,-80955000
55,550,6,0.6,22.2,6.5236,-76663000
55,550,6,0.7,22.8,6.0702,-72971000
55,550,6,0.8,23.45,5.6784,-69592000
55,550,7,0.5,15.6,7.5187,-98180000
55,550,7,0.6,16,6.9797,-93406000
55,550,7,0.7,16.35,6.5249,-89339000
55,550,7,0.8,16.8,6.1321,-85440000
55,575,4,0.5,56.7,5.8687,-45498000
55,575,4,0.6,58.6,5.3349,-42671000
55,575,4,0.7,61.3,4.8852,-39923000
55,575,4,0.8,63.3,4.4971,-37695000
55,575,5,0.5,35.1,6.5241,-60971000
55,575,5,0.6,36.2,5.9879,-57517000
55,575,5,0.7,37.2,5.536,-54556000
55,575,5,0.8,38.25,5.1458,-51871000
55,575,6,0.5,23.55,7.0615,-77440000
55,575,6,0.6,24.15,6.5237,-73503000
55,575,6,0.7,24.75,6.0702,-70037000
55,575,6,0.8,25.55,5.6785,-66671000
55,575,7,0.5,17.1,7.5189,-93776000
55,575,7,0.7,17.8,6.5251,-85625000
55,575,7,0.8,18.3,6.1322,-81865000
55,600,4,0.5,61.45,5.8689,-43705000
55,600,4,0.6,64.4,5.3349,-40704000
55,600,4,0.7,66.3,4.8853,-38389000
55,600,4,0.8,68.6,4.4973,-36210000
55,600,5,0.5,38.05,6.5243,-58560000
55,600,5,0.6,39.2,5.988,-55273000
55,600,5,0.7,40.5,5.5361,-52286000
55,600,5,0.8,41.85,5.1459,-49590000
55,600,6,0.5,25.85,7.0617,-73916000
55,600,6,0.6,26.35,6.5238,-70368000
55,600,6,0.7,27.05,6.0704,-66994000
55,600,6,0.8,27.85,5.6786,-63859000
55,600,7,0.5,18.4,7.5191,-90404000
55,600,7,0.6,18.9,6.98,-85943000
55,600,7,0.7,19.4,6.5253,-82019000
55,600,7,0.8,19.85,6.1323,-78604000
57.5,150,4,0.5,4.2,6.4116,-174730000
57.5,150,4,0.6,4.35,5.8281,-163690000
57.5,150,4,0.7,4.55,5.3369,-153160000
57.5,150,4,0.8,4.75,4.9126,-143820000
57.5,150,5,0.5,2.65,7.1276,-231930000
57.5,150,5,0.6,2.65,6.5416,-222190000
57.5,150,5,0.7,2.75,6.0486,-209740000
57.5,150,5,0.8,2.8,5.6216,-200380000
57.5,150,6,0.5,1.75,7.7156,-296950000
57.5,150,6,0.6,1.8,7.1281,-281430000
57.5,150,6,0.7,1.85,6.6323,-267770000
57.5,150,6,0.8,1.9,6.2038,-255540000
57.5,150,7,0.5,1.3,8.2127,-355460000
57.5,150,7,0.6,1.3,7.6246,-342490000
57.5,150,7,0.7,1.35,7.128,-324960000
57.5,150,7,0.8,1.35,6.6986,-315020000
57.5,175,4,0.5,5.7,6.4114,-149990000
57.5,175,4,0.6,5.95,5.8284,-139970000
57.5,175,4,0.7,6.2,5.337,-131210000
57.5,175,4,0.8,6.45,4.9129,-123430000
57.5,175,5,0.5,3.55,7.1287,-200400000
57.5,175,5,0.6,3.65,6.5425,-189340000
57.5,175,5,0.7,3.75,6.0485,-179610000
57.5,175,5,0.8,3.9,5.6222,-169800000
57.5,175,6,0.5,2.4,7.7153,-253560000
57.5,175,6,0.6,2.45,7.1282,-241220000
57.5,175,6,0.7,2.5,6.6326,-230350000
57.5,175,6,0.8,2.6,6.204,-218460000
57.5,175,7,0.5,1.7,8.2144,-310870000
57.5,175,7,0.6,1.75,7.6251,-295200000
57.5,175,7,0.7,1.8,7.1289,-281440000
57.5,175,7,0.8,1.85,6.6991,-269110000
57.5,200,4,0.5,7.55,6.4121,-130330000
57.5,200,4,0.6,7.85,5.8284,-121860000
57.5,200,4,0.7,8.1,5.3371,-114800000
57.5,200,4,0.8,8.4,4.9131,-108160000
57.5,200,5,0.5,4.6,7.1284,-176050000
57.5,200,5,0.6,4.8,6.5424,-165110000
57.5,200,5,0.7,4.9,6.0489,-157130000
57.5,200,5,0.8,5.15,5.6221,-147760000
57.5,200,6,0.5,3.15,7.7162,-221340000
57.5,200,6,0.6,3.25,7.1279,-209440000
57.5,200,6,0.7,3.3,6.6331,-200500000
57.5,200,6,0.8,3.4,6.2047,-191050000
57.5,200,7,0.5,2.25,8.2147,-270220000
57.5,200,7,0.6,2.3,7.6248,-257490000
57.5,200,7,0.7,2.35,7.1286,-246310000
57.5,200,7,0.8,2.4,6.6993,-236280000
57.5,225,4,0.5,9.45,6.4119,-116490000
57.5,225,4,0.6,9.8,5.8286,-109060000
57.5,225,4,0.7,10.2,5.3371,-102300000
57.5,225,4,0.8,10.65,4.9132,-96055000
57.5,225,5,0.5,5.8,7.1288,-156790000
57.5,225,5,0.6,6.05,6.5426,-147070000
57.5,225,5,0.7,6.25,6.049,-139130000
57.5,225,5,0.8,6.4,5.6224,-132550000
57.5,225,6,0.5,4,7.7162,-196420000
57.5,225,6,0.6,4.05,7.1287,-187630000
57.5,225,6,0.7,4.15,6.6329,-178790000
57.5,225,6,0.8,4.25,6.205,-170880000
57.5,225,7,0.5,2.85,8.2145,-240090000
57.5,225,7,0.6,2.95,7.626,-227380000
57.5,225,7,0.7,3,7.1286,-218000000
57.5,225,7,0.8,3.05,6.6995,-209600000
57.5,250,4,0.5,11.8,6.4124,-104250000
57.5,250,4,0.6,12.2,5.8288,-97752000
57.5,250,4,0.7,12.65,5.3374,-91862000
57.5,250,4,0.8,13.1,4.9134,-86611000
57.5,250,5,0.5,7.3,7.1288,-139750000
57.5,250,5,0.6,7.4,6.5429,-132980000
57.5,250,5,0.7,7.7,6.0492,-125350000
57.5,250,5,0.8,8,5.6225,-118560000
57.5,250,6,0.5,4.85,7.7161,-178380000
57.5,250,6,0.6,4.95,7.1286,-169710000
57.5,250,6,0.7,5.15,6.6334,-160500000
57.5,250,6,0.8,5.25,6.2048,-153740000
57.5,250,7,0.5,3.5,8.2153,-216670000
57.5,250,7,0.6,3.6,7.6257,-205830000
57.5,250,7,0.7,3.7,7.1293,-196310000
57.5,250,7,0.8,3.8,6.6996,-187780000
57.5,275,4,0.5,14.2,6.4125,-95035000
57.5,275,4,0.6,14.65,5.829,-89206000
57.5,275,4,0.7,15.2,5.3376,-83804000
57.5,275,4,0.8,15.9,4.9136,-78617000
57.5,275,5,0.5,8.7,7.1292,-128020000
57.5,275,5,0.6,9.1,6.5431,-119920000
57.5,275,5,0.7,9.3,6.0493,-114060000
57.5,275,5,0.8,9.65,5.6228,-107950000
57.5,275,6,0.5,5.95,7.7166,-161050000
57.5,275,6,0.6,6.1,7.1291,-152890000
57.5,275,6,0.7,6.25,6.6333,-145690000
57.5,275,6,0.8,6.4,6.2051,-139250000
57.5,275,7,0.5,4.25,8.2156,-196630000
57.5,275,7,0.6,4.4,7.6264,-186190000
57.5,275,7,0.7,4.45,7.1297,-179010000
57.5,275,7,0.8,4.55,6.7002,-171610000
57.5,300,4,0.5,17.05,6.4126,-86730000
57.5,300,4,0.6,17.5,5.8292,-81620000
57.5,300,4,0.7,18.2,5.3378,-76588000
57.5,300,4,0.8,19,4.9137,-71919000
57.5,300,5,0.5,10.5,7.1291,-116530000
57.5,300,5,0.6,10.75,6.5432,-110330000
57.5,300,5,0.7,11,6.0493,-104880000
57.5,300,5,0.8,11.3,5.6228,-99759000
57.5,300,6,0.5,7.1,7.7167,-147440000
57.5,300,6,0.6,7.25,7.1291,-140240000
57.5,300,6,0.7,7.35,6.6334,-134350000
57.5,300,6,0.8,7.6,6.2054,-127790000
57.5,300,7,0.5,5.1,8.2153,-179490000
57.5,300,7,0.6,5.2,7.6263,-171270000
57.5,300,7,0.7,5.3,7.1299,-164030000
57.5,300,7,0.8,5.4,6.7003,-157530000
57.5,325,4,0.5,19.85,6.4129,-80382000
57.5,325,4,0.6,20.6,5.8293,-75230000
57.5,325,4,0.7,21.35,5.338,-70714000
57.5,325,4,0.8,22.15,4.9139,-66610000
57.5,325,5,0.5,12.15,7.1295,-108330000
57.5,325,5,0.6,12.6,6.5434,-101910000
57.5,325,5,0.7,13,6.0496,-96473000
57.5,325,5,0.8,13.35,5.623,-91782000
57.5,325,6,0.5,8.25,7.7168,-136770000
57.5,325,6,0.6,8.5,7.1292,-129520000
57.5,325,6,0.7,8.65,6.6336,-123850000
57.5,325,6,0.8,8.9,6.2054,-118090000
57.5,325,7,0.5,5.9,8.216,-166890000
57.5,325,7,0.6,6.1,7.6267,-158130000
57.5,325,7,0.7,6.25,7.1301,-151050000
57.5,325,7,0.8,6.3,6.7004,-145850000
57.5,350,4,0.5,22.85,6.4129,-74921000
57.5,350,4,0.6,23.9,5.8295,-69845000
57.5,350,4,0.7,24.85,5.3381,-65546000
57.5,350,4,0.8,25.65,4.914,-61900000
57.5,350,5,0.5,14.25,7.1294,-100030000
57.5,350,5,0.6,14.65,6.5435,-94515000
57.5,350,5,0.7,14.95,6.0496,-89962000
57.5,350,5,0.8,15.6,5.6232,-84907000
57.5,350,6,0.5,9.6,7.7173,-126800000
57.5,350,6,0.6,9.9,7.1292,-120010000
57.5,350,6,0.7,10.1,6.6336,-114610000
57.5,350,6,0.8,10.3,6.2053,-109770000
57.5,350,7,0.5,6.95,8.2161,-153760000
57.5,350,7,0.6,7,7.6271,-147620000
57.5,350,7,0.7,7.25,7.1303,-140250000
57.5,350,7,0.8,7.4,6.7009,-134580000
57.5,375,4,0.5,26.45,6.4131,-69637000
57.5,375,4,0.6,27.3,5.8296,-65351000
57.5,375,4,0.7,28.5,5.3383,-61206000
57.5,375,4,0.8,29.5,4.9141,-57720000
57.5,375,5,0.5,16.45,7.1296,-93103000
57.5,375,5,0.6,16.8,6.5437,-88262000
57.5,375,5,0.7,17.2,6.0498,-83873000
57.5,375,5,0.8,17.8,5.6232,-79487000
57.5,375,6,0.5,11.1,7.7172,-117920000
57.5,375,6,0.6,11.25,7.1295,-112580000
57.5,375,6,0.7,11.55,6.6337,-107180000
57.5,375,6,0.8,11.9,6.2056,-102130000
57.5,375,7,0.5,7.9,8.2166,-144230000
57.5,375,7,0.6,8.1,7.6271,-137230000
57.5,375,7,0.7,8.25,7.1301,-131470000
57.5,375,7,0.8,8.5,6.701,-125570000
57.5,400,4,0.5,30.15,6.4133,-65225000
57.5,400,4,0.6,31.1,5.8298,-61230000
57.5,400,4,0.7,32.3,5.3384,-57494000
57.5,400,4,0.8,33.75,4.9142,-53964000
57.5,400,5,0.5,18.6,7.1298,-87558000
57.5,400,5,0.6,19.05,6.5438,-82886000
57.5,400,5,0.7,19.75,6.0499,-78272000
57.5,400,5,0.8,20.3,5.6233,-74433000
57.5,400,6,0.5,12.5,7.7173,-111120000
57.5,400,6,0.6,12.8,7.1296,-105550000
57.5,400,6,0.7,13.2,6.634,-100260000
57.5,400,6,0.8,13.6,6.2057,-95531000
57.5,400,7,0.5,9,8.2169,-135130000
57.5,400,7,0.6,9.2,7.6276,-128770000
57.5,400,7,0.7,9.55,7.1303,-122200000
57.5,400,7,0.8,9.6,6.7012,-118160000
57.5,425,4,0.5,33.85,6.4135,-61558000
57.5,425,4,0.6,35.25,5.8299,-57513000
57.5,425,4,0.7,36.45,5.3385,-54122000
57.5,425,4,0.8,38.05,4.9144,-50824000
57.5,425,5,0.5,20.8,7.13,-82800000
57.5,425,5,0.6,21.65,6.5439,-77751000
57.5,425,5,0.7,22.1,6.05,-73994000
57.5,425,5,0.8,22.9,5.6235,-70081000
57.5,425,6,0.5,14.05,7.7175,-104810000
57.5,425,6,0.6,14.55,7.1295,-98995000
57.5,425,6,0.7,14.85,6.6341,-94524000
57.5,425,6,0.8,15.3,6.2059,-90068000
57.5,425,7,0.5,10.1,8.2169,-127560000
57.5,425,7,0.6,10.45,7.6276,-120820000
57.5,425,7,0.7,10.6,7.1307,-115990000
57.5,425,7,0.8,10.8,6.7013,-111400000
57.5,450,4,0.5,38.05,6.4136,-58061000
57.5,450,4,0.6,39.6,5.8301,-54263000
57.5,450,4,0.7,40.9,5.3386,-51094000
57.5,450,4,0.8,42.65,4.9146,-48006000
57.5,450,5,0.5,23.45,7.1302,-77982000
57.5,450,5,0.6,24.15,6.544,-73617000
57.5,450,5,0.7,24.8,6.0502,-69851000
57.5,450,5,0.8,25.65,5.6237,-66219000
57.5,450,6,0.5,15.75,7.7177,-98997000
57.5,450,6,0.6,16.3,7.1298,-93532000
57.5,450,6,0.7,16.8,6.634,-88869000
57.5,450,6,0.8,17.25,6.2059,-84825000
57.5,450,7,0.5,11.45,8.2171,-119800000
57.5,450,7,0.6,11.75,7.6278,-113940000
57.5,450,7,0.7,11.9,7.1309,-109470000
57.5,450,7,0.8,12.25,6.7015,-104600000
57.5,475,4,0.5,42.45,6.4137,-54971000
57.5,475,4,0.6,43.8,5.8303,-51597000
57.5,475,4,0.7,45.45,5.3388,-48470000
57.5,475,4,0.8,47.2,4.9147,-45635000
57.5,475,5,0.5,26.2,7.1302,-73776000
57.5,475,5,0.6,27.05,6.5441,-69560000
57.5,475,5,0.7,27.7,6.0503,-66094000
57.5,475,5,0.8,28.6,5.6237,-62711000
57.5,475,6,0.5,17.65,7.7179,-93517000
57.5,475,6,0.6,18.1,7.13,-88761000
57.5,475,6,0.7,18.5,6.6342,-84688000
57.5,475,6,0.8,19.15,6.206,-80507000
57.5,475,7,0.5,12.75,8.2173,-113530000
57.5,475,7,0.6,13.1,7.628,-107920000
57.5,475,7,0.7,13.2,7.1311,-103950000
57.5,475,7,0.8,13.65,6.7016,-99092000
57.5,500,4,0.5,46.7,6.4139,-52410000
57.5,500,4,0.6,48.65,5.8305,-48958000
57.5,500,4,0.7,50.55,5.339,-45960000
57.5,500,4,0.8,52.6,4.9149,-43229000
57.5,500,5,0.5,28.85,7.1304,-70307000
57.5,500,5,0.6,29.95,6.5443,-66107000
57.5,500,5,0.7,30.6,6.0504,-62885000
57.5,500,5,0.8,31.55,5.6239,-59708000
57.5,500,6,0.5,19.45,7.7179,-89085000
57.5,500,6,0.6,20.2,7.1299,-84020000
57.5,500,6,0.7,20.5,6.6342,-80451000
57.5,500,6,0.8,21.05,6.2062,-76789000
57.5,500,7,0.5,14.1,8.2174,-107960000
57.5,500,7,0.6,14.5,7.6282,-102580000
57.5,500,7,0.7,14.8,7.1314,-98168000
57.5,500,7,0.8,15.15,6.7019,-94061000
57.5,525,4,0.5,51.9,6.4139,-49716000
57.5,525,4,0.6,53.45,5.8306,-46709000
57.5,525,4,0.7,55.65,5.3391,-43804000
57.5,525,4,0.8,57.7,4.915,-41275000
57.5,525,5,0.5,31.8,7.1305,-66967000
57.5,525,5,0.6,32.8,6.5445,-63171000
57.5,525,5,0.7,33.95,6.0505,-59702000
57.5,525,5,0.8,35,5.6239,-56689000
57.5,525,6,0.5,21.65,7.718,-84438000
57.5,525,6,0.6,22.15,7.1302,-80238000
57.5,525,6,0.7,22.55,6.6344,-76708000
57.5,525,6,0.8,23.25,6.2062,-73066000
57.5,525,7,0.5,15.55,8.2177,-102810000
57.5,525,7,0.6,15.9,7.6284,-97957000
57.5,525,7,0.7,16.25,7.1315,-93687000
57.5,525,7,0.8,16.65,6.7022,-89725000
57.5,550,4,0.5,56.75,6.4142,-47545000
57.5,550,4,0.6,59,5.8307,-44458000
57.5,550,4,0.7,61.5,5.3393,-41670000
57.5,550,4,0.8,63.55,4.9151,-39330000
57.5,550,5,0.5,34.85,7.1306,-63970000
57.5,550,5,0.6,36.2,6.5445,-60131000
57.5,550,5,0.7,37.05,6.0506,-57151000
57.5,550,5,0.8,38.25,5.6241,-54228000
57.5,550,6,0.5,23.65,7.718,-80789000
57.5,550,6,0.6,24.35,7.1302,-76528000
57.5,550,6,0.7,24.9,6.6346,-73000000
57.5,550,6,0.8,25.6,6.2064,-69633000
57.5,550,7,0.5,17.15,8.2176,-97894000
57.5,550,7,0.6,17.35,7.6284,-93774000
57.5,550,7,0.7,17.85,7.1317,-89391000
57.5,550,7,0.8,18.35,6.7022,-85468000
57.5,575,4,0.5,62.05,6.4144,-45470000
57.5,575,4,0.6,64.05,5.8309,-42670000
57.5,575,4,0.7,67,5.3394,-39923000
57.5,575,4,0.8,69.25,4.9153,-37677000
57.5,575,5,0.5,38.3,7.1307,-61022000
57.5,575,5,0.6,39.6,6.5446,-57492000
57.5,575,5,0.7,40.6,6.0508,-54596000
57.5,575,5,0.8,42.15,5.6241,-51659000
57.5,575,6,0.5,26.05,7.7181,-76978000
57.5,575,6,0.6,26.5,7.1304,-73358000
57.5,575,6,0.7,27.15,6.6347,-69910000
57.5,575,6,0.8,27.95,6.2064,-66641000
57.5,575,7,0.5,18.65,8.218,-93877000
57.5,575,7,0.6,18.95,7.6287,-89730000
57.5,575,7,0.7,19.45,7.1317,-85635000
57.5,575,7,0.8,19.9,6.7023,-82073000
57.5,600,4,0.5,67.35,6.4145,-43644000
57.5,600,4,0.6,70.25,5.831,-40744000
57.5,600,4,0.7,72.85,5.3396,-38287000
57.5,600,4,0.8,75.05,4.9155,-36193000
57.5,600,5,0.5,41.8,7.1308,-58411000
57.5,600,5,0.6,42.75,6.5448,-55335000
57.5,600,5,0.7,44.5,6.0508,-52148000
57.5,600,5,0.8,45.7,5.6243,-49613000
57.5,600,6,0.5,28.25,7.7183,-73921000
57.5,600,6,0.6,28.9,7.1303,-70246000
57.5,600,6,0.7,29.75,6.6347,-66786000
57.5,600,6,0.8,30.35,6.2065,-63953000
57.5,600,7,0.5,20.2,8.2183,-90205000
57.5,600,7,0.6,20.7,7.6291,-85855000
57.5,600,7,0.7,21.25,7.1319,-81929000
57.5,600,7,0.8,21.65,6.7025,-78687000
60,150,4,0.5,4.6,6.9807,-174210000
60,150,4,0.6,4.8,6.3461,-162610000
60,150,4,0.7,4.95,5.8107,-153220000
60,150,4,0.8,5.1,5.349,-144830000
60,150,5,0.5,2.85,7.7615,-233380000
60,150,5,0.6,2.9,7.1234,-221650000
60,150,5,0.7,3.05,6.5856,-207810000
60,150,5,0.8,3.1,6.1217,-198730000
60,150,6,0.5,1.9,8.4001,-297360000
60,150,6,0.6,1.95,7.7601,-282120000
60,150,6,0.7,2,7.2217,-268730000
60,150,6,0.8,2.05,6.7555,-256720000
60,150,7,0.5,1.4,8.9434,-357440000
60,150,7,0.6,1.4,8.3026,-344400000
60,150,7,0.7,1.45,7.7618,-327200000
60,150,7,0.8,1.5,7.2934,-311840000
60,175,4,0.5,6.35,6.9809,-148280000
60,175,4,0.6,6.5,6.3461,-139740000
60,175,4,0.7,6.7,5.811,-131710000
60,175,4,0.8,7.05,5.3495,-123190000
60,175,5,0.5,3.85,7.7614,-200800000
60,175,5,0.6,4,7.1236,-188730000
60,175,5,0.7,4.05,6.5858,-180340000
60,175,5,0.8,4.3,6.1213,-168730000
60,175,6,0.5,2.6,8.4016,-254220000
60,175,6,0.6,2.7,7.7614,-239770000
60,175,6,0.7,2.75,7.2216,-229170000
60,175,6,0.8,2.8,6.7552,-219660000
60,175,7,0.5,1.85,8.9439,-310950000
60,175,7,0.6,1.95,8.302,-291800000
60,175,7,0.7,2,7.761,-278590000
60,175,7,0.8,2,7.2937,-270070000
60,200,4,0.5,8.2,6.9817,-130490000
60,200,4,0.6,8.5,6.3464,-122200000
60,200,4,0.7,8.8,5.8113,-114920000
60,200,4,0.8,9.15,5.3495,-108130000
60,200,5,0.5,4.95,7.7613,-177080000
60,200,5,0.6,5.2,7.1237,-165530000
60,200,5,0.7,5.35,6.5861,-156910000
60,200,5,0.8,5.5,6.1217,-149200000
60,200,6,0.5,3.4,8.4018,-222310000
60,200,6,0.6,3.5,7.7618,-210600000
60,200,6,0.7,3.55,7.222,-201710000
60,200,6,0.8,3.7,6.7562,-191100000
60,200,7,0.5,2.45,8.9435,-270200000
60,200,7,0.6,2.55,8.303,-255190000
60,200,7,0.7,2.55,7.7619,-246730000
60,200,7,0.8,2.65,7.2949,-234640000
60,225,4,0.5,10.35,6.9818,-116150000
60,225,4,0.6,10.7,6.3466,-108920000
60,225,4,0.7,11.1,5.8114,-102330000
60,225,4,0.8,11.55,5.3498,-96249000
60,225,5,0.5,6.35,7.7623,-156360000
60,225,5,0.6,6.55,7.1243,-147490000
60,225,5,0.7,6.75,6.5864,-139700000
60,225,5,0.8,6.9,6.1219,-133210000
60,225,6,0.5,4.3,8.4018,-197680000
60,225,6,0.6,4.4,7.7619,-187830000
60,225,6,0.7,4.55,7.2226,-178180000
60,225,6,0.8,4.65,6.7563,-170470000
60,225,7,0.5,3.1,8.9444,-240220000
60,225,7,0.6,3.2,8.3032,-227800000
60,225,7,0.7,3.25,7.7622,-218560000
60,225,7,0.8,3.35,7.2949,-208690000
60,250,4,0.5,12.8,6.9821,-104450000
60,250,4,0.6,13.4,6.3467,-97327000
60,250,4,0.7,13.65,5.8116,-92278000
60,250,4,0.8,14.3,5.35,-86501000
60,250,5,0.5,8,7.762,-139300000
60,250,5,0.6,8.15,7.1244,-132220000
60,250,5,0.7,8.3,6.5865,-125980000
60,250,5,0.8,8.65,6.1223,-118980000
60,250,6,0.5,5.3,8.4022,-178060000
60,250,6,0.6,5.45,7.762,-168770000
60,250,6,0.7,5.6,7.2221,-160600000
60,250,6,0.8,5.75,6.756,-153290000
60,250,7,0.5,3.85,8.9454,-215570000
60,250,7,0.6,3.95,8.3035,-205040000
60,250,7,0.7,4.05,7.7628,-195790000
60,250,7,0.8,4.1,7.2951,-188640000
60,275,4,0.5,15.35,6.9822,-95380000
60,275,4,0.6,16.05,6.347,-88932000
60,275,4,0.7,16.8,5.8118,-83180000
60,275,4,0.8,17.25,5.3501,-78759000
60,275,5,0.5,9.55,7.7627,-127500000
60,275,5,0.6,9.9,7.1242,-119970000
60,275,5,0.7,10.15,6.5865,-113920000
60,275,5,0.8,10.45,6.1224,-108250000
60,275,6,0.5,6.45,8.4021,-161410000
60,275,6,0.6,6.65,7.7624,-152790000
60,275,6,0.7,6.8,7.2228,-145750000
60,275,6,0.8,6.95,6.7567,-139440000
60,275,7,0.5,4.65,8.9458,-196150000
60,275,7,0.6,4.7,8.3037,-187980000
60,275,7,0.7,4.85,7.763,-178920000
60,275,7,0.8,4.9,7.2952,-172560000
60,300,4,0.5,18.3,6.9824,-87356000
60,300,4,0.6,19.2,6.3471,-81311000
60,300,4,0.7,19.95,5.812,-76332000
60,300,4,0.8,20.45,5.3502,-72336000
60,300,5,0.5,11.3,7.7627,-117210000
60,300,5,0.6,11.65,7.1246,-110590000
60,300,5,0.7,11.95,6.5868,-104990000
60,300,5,0.8,12.35,6.1224,-99574000
60,300,6,0.5,7.7,8.4025,-147730000
60,300,6,0.6,7.85,7.7623,-140630000
60,300,6,0.7,8.05,7.2229,-133960000
60,300,6,0.8,8.25,6.7566,-127980000
60,300,7,0.5,5.45,8.9451,-181180000
60,300,7,0.6,5.6,8.3041,-172210000
60,300,7,0.7,5.75,7.7633,-164330000
60,300,7,0.8,5.9,7.2958,-157260000
60,325,4,0.5,21.55,6.9824,-80500000
60,325,4,0.6,22.45,6.3473,-75197000
60,325,4,0.8,24.1,5.3503,-66634000
60,325,5,0.5,13.3,7.763,-108040000
60,325,5,0.6,13.75,7.1247,-101800000
60,325,5,0.7,14.05,6.587,-96832000
60,325,5,0.8,14.65,6.1225,-91424000
60,325,6,0.5,9.1,8.4025,-135890000
60,325,6,0.6,9.3,7.7623,-129200000
60,325,6,0.7,9.5,7.2231,-123310000
60,325,6,0.8,9.75,6.7568,-117730000
60,325,7,0.5,6.4,8.9456,-167200000
60,325,7,0.6,6.6,8.3044,-158630000
60,325,7,0.7,6.75,7.7634,-151670000
60,325,7,0.8,6.9,7.2958,-145420000
60,350,4,0.5,25.2,6.9827,-74443000
60,350,4,0.6,25.95,6.3474,-69943000
60,350,4,0.7,26.95,5.8123,-65677000
60,350,4,0.8,27.95,5.3506,-61876000
60,350,5,0.5,15.45,7.7629,-100250000
60,350,5,0.6,15.9,7.1249,-94669000
60,350,5,0.7,16.4,6.5871,-89628000
60,350,5,0.8,16.85,6.1228,-85249000
60,350,6,0.5,10.45,8.403,-126820000
60,350,6,0.6,10.7,7.7629,-120460000
60,350,6,0.7,11.05,7.223,-114340000
60,350,6,0.8,11.3,6.7569,-109360000
60,350,7,0.5,7.45,8.9461,-154970000
60,350,7,0.6,7.7,8.3047,-146870000
60,350,7,0.7,7.85,7.7635,-140640000
60,350,7,0.8,8.05,7.2961,-134640000
60,375,4,0.5,28.8,6.9829,-69637000
60,375,4,0.6,30,6.3476,-65052000
60,375,4,0.7,31.1,5.8125,-61139000
60,375,4,0.8,32.1,5.3507,-57739000
60,375,5,0.5,17.65,7.7632,-93791000
60,375,5,0.6,18.15,7.1249,-88607000
60,375,5,0.7,18.95,6.5872,-83380000
60,375,5,0.8,19.35,6.1228,-79552000
60,375,6,0.5,11.9,8.403,-118840000
60,375,6,0.6,12.3,7.763,-112350000
60,375,6,0.7,12.55,7.2232,-107290000
60,375,6,0.8,12.85,6.7569,-102550000
60,375,7,0.5,8.65,8.9466,-143830000
60,375,7,0.6,8.9,8.3047,-136610000
60,375,7,0.7,9.1,7.7637,-130630000
60,375,7,0.8,9.2,7.2961,-125940000
60,400,4,0.5,32.8,6.9831,-65253000
60,400,4,0.6,33.95,6.3477,-61151000
60,400,4,0.7,35.15,5.8127,-57510000
60,400,4,0.8,36.6,5.3508,-54074000
60,400,5,0.5,20.2,7.7634,-87673000
60,400,5,0.6,20.8,7.1253,-82772000
60,400,5,0.7,21.5,6.5872,-78279000
60,400,5,0.8,22.05,6.1231,-74524000
60,400,6,0.5,13.65,8.4032,-110960000
60,400,6,0.6,14,7.7631,-105310000
60,400,6,0.7,14.25,7.2233,-100690000
60,400,6,0.8,14.65,6.7571,-96046000
60,400,7,0.5,9.75,8.9462,-135470000
60,400,7,0.6,10,8.3051,-128880000
60,400,7,0.7,10.2,7.764,-123380000
60,400,7,0.8,10.45,7.2965,-118170000
60,425,4,0.5,36.95,6.9833,-61481000
60,425,4,0.6,38.4,6.3479,-57500000
60,425,4,0.7,39.65,5.8128,-54149000
60,425,4,0.8,41.45,5.351,-50813000
60,425,5,0.5,22.8,7.7635,-82523000
60,425,5,0.6,23.6,7.1253,-77707000
60,425,5,0.7,24.2,6.5876,-73785000
60,425,5,0.8,24.9,6.1232,-70130000
60,425,6,0.5,15.4,8.4034,-104470000
60,425,6,0.6,15.8,7.763,-99129000
60,425,6,0.7,16.2,7.2235,-94435000
60,425,6,0.8,16.7,6.7573,-89959000
60,425,7,0.5,11.15,8.9468,-126680000
60,425,7,0.6,11.35,8.3055,-120980000
60,425,7,0.7,11.55,7.7644,-115950000
60,425,7,0.8,11.85,7.2967,-110970000
60,450,4,0.5,41.2,6.9834,-58224000
60,450,4,0.6,43,6.348,-54338000
60,450,4,0.7,44.5,5.813,-51113000
60,450,4,0.8,46.3,5.3512,-48078000
60,450,5,0.5,25.4,7.7636,-78186000
60,450,5,0.6,26.2,7.1254,-73751000
60,450,5,0.7,27.05,6.5877,-69791000
60,450,5,0.8,28,6.1233,-66135000
60,450,6,0.5,17.3,8.4034,-98564000
60,450,6,0.6,17.75,7.7633,-93527000
60,450,6,0.7,18.2,7.2236,-89096000
60,450,6,0.8,18.55,6.7574,-85356000
60,450,7,0.5,12.45,8.947,-119890000
60,450,7,0.6,12.6,8.3054,-114820000
60,450,7,0.7,13,7.7645,-109290000
60,450,7,0.8,13.3,7.2969,-104750000
60,475,4,0.5,46.3,6.9835,-54924000
60,475,4,0.6,47.95,6.3483,-51457000
60,475,4,0.7,49.9,5.8131,-48269000
60,475,4,0.8,51.4,5.3514,-45632000
60,475,5,0.5,28.35,7.7638,-74007000
60,475,5,0.6,29.15,7.1256,-69921000
60,475,5,0.7,30.05,6.5878,-66216000
60,475,5,0.8,31.2,6.1234,-62652000
60,475,6,0.5,19.25,8.4036,-93440000
60,475,6,0.6,19.85,7.7633,-88442000
60,475,6,0.7,20.1,7.2236,-84780000
60,475,6,0.8,20.8,6.7574,-80607000
60,475,7,0.5,13.85,8.9472,-113670000
60,475,7,0.6,14.1,8.3058,-108540000
60,475,7,0.7,14.5,7.7648,-103490000
60,475,7,0.8,14.75,7.2971,-99471000
60,500,4,0.5,51.1,6.9837,-52282000
60,500,4,0.6,52.95,6.3484,-48968000
60,500,4,0.7,54.9,5.8133,-46019000
60,500,4,0.8,57.35,5.3516,-43201000
60,500,5,0.5,31.4,7.7639,-70322000
60,500,5,0.6,32.4,7.1257,-66322000
60,500,5,0.7,33.45,6.588,-62761000
60,500,5,0.8,34.35,6.1236,-59711000
60,500,6,0.5,21.4,8.4035,-88621000
60,500,6,0.6,21.9,7.7634,-84202000
60,500,6,0.7,22.45,7.2238,-80222000
60,500,6,0.8,23,6.7576,-76656000
60,500,7,0.5,15.45,8.9474,-107620000
60,500,7,0.6,15.65,8.3061,-103030000
60,500,7,0.7,16.15,7.7648,-98061000
60,500,7,0.8,16.35,7.2973,-94480000
60,525,4,0.5,56.3,6.9839,-49809000
60,525,4,0.6,58.75,6.3486,-46489000
60,525,4,0.7,60.65,5.8135,-43784000
60,525,4,0.8,63.2,5.3517,-41153000
60,525,5,0.5,34.75,7.764,-66847000
60,525,5,0.6,35.8,7.1259,-63095000
60,525,5,0.7,36.7,6.588,-59918000
60,525,5,0.8,37.95,6.1237,-56809000
60,525,6,0.5,23.45,8.4039,-84661000
60,525,6,0.6,24.15,7.7636,-80184000
60,525,6,0.7,24.65,7.2239,-76558000
60,525,6,0.8,25.3,6.7576,-73089000
60,525,7,0.5,16.75,8.9476,-103360000
60,525,7,0.6,17.25,8.3062,-98134000
60,525,7,0.7,17.8,7.7651,-93407000
60,525,7,0.8,18,7.2976,-90047000
60,550,4,0.5,61.9,6.9841,-47503000
60,550,4,0.6,64,6.3487,-44542000
60,550,4,0.7,66.7,5.8137,-41752000
60,550,4,0.8,69.2,5.3518,-39329000
60,550,5,0.5,38.15,7.7641,-63799000
60,550,5,0.6,39,7.1259,-60451000
60,550,5,0.7,40.5,6.5883,-57039000
60,550,5,0.8,41.65,6.1238,-54227000
60,550,6,0.5,25.85,8.4039,-80635000
60,550,6,0.6,26.55,7.7637,-76475000
60,550,6,0.7,27.1,7.224,-73016000
60,550,6,0.8,27.9,6.7578,-69601000
60,550,7,0.5,18.5,8.948,-98354000
60,550,7,0.6,18.9,8.3062,-93753000
60,550,7,0.7,19.5,7.7653,-89243000
60,550,7,0.8,20,7.2977,-85426000
60,575,4,0.5,67.7,6.9842,-45423000
60,575,4,0.6,69.75,6.3489,-42667000
60,575,4,0.7,72.85,5.8138,-39951000
60,575,4,0.8,75.8,5.352,-37578000
60,575,5,0.5,41.4,7.7643,-61244000
60,575,5,0.6,43,7.1261,-57571000
60,575,5,0.7,44.35,6.5884,-54508000
60,575,5,0.8,45.5,6.1239,-51883000
60,575,6,0.5,28.1,8.4039,-77340000
60,575,6,0.6,28.75,7.7638,-73491000
60,575,6,0.7,29.6,7.2241,-69865000
60,575,6,0.8,30.35,6.7579,-66733000
60,575,7,0.5,20.15,8.9481,-94242000
60,575,7,0.6,20.7,8.3065,-89586000
60,575,7,0.7,21.1,7.7653,-85793000
60,575,7,0.8,21.65,7.2978,-82107000
60,600,4,0.5,73.35,6.9844,-43640000
60,600,4,0.6,76.25,6.349,-40808000
60,600,4,0.7,79.15,5.814,-38329000
60,600,4,0.8,81.55,5.3522,-36230000
60,600,5,0.5,45.3,7.7645,-58549000
60,600,5,0.6,46.7,7.1262,-55244000
60,600,5,0.7,48,6.5884,-52394000
60,600,5,0.8,49.6,6.124,-49693000
60,600,6,0.5,30.55,8.404,-74174000
60,600,6,0.6,31.4,7.7639,-70322000
60,600,6,0.7,32.2,7.2242,-66986000
60,600,6,0.8,33.15,6.758,-63853000
60,600,7,0.5,21.9,8.9484,-90399000
60,600,7,0.6,22.55,8.3069,-85834000
60,600,7,0.7,23.05,7.7657,-82086000
60,600,7,0.8,23.6,7.298,-78643000
